prompt,intent
wake me up 0,alarm
morning alarm 1,alarm
set an alarm 2,alarm
set an alarm 3,alarm
set an alarm 4,alarm
set an alarm 0,alarm
set an alarm 1,alarm
set an alarm 2,alarm
alarm for tomorrow 3,alarm
set an alarm 4,alarm
morning alarm 0,alarm
alarm for tomorrow 1,alarm
morning alarm 2,alarm
set an alarm 3,alarm
alarm for tomorrow 4,alarm
wake me up 0,alarm
morning alarm 1,alarm
alarm for tomorrow 2,alarm
alarm for tomorrow 3,alarm
alarm for tomorrow 4,alarm
alarm for tomorrow 0,alarm
alarm for tomorrow 1,alarm
wake me up 2,alarm
morning alarm 3,alarm
alarm for tomorrow 4,alarm
set an alarm 0,alarm
morning alarm 1,alarm
morning alarm 2,alarm
alarm for tomorrow 3,alarm
wake me up 4,alarm
alarm for tomorrow 0,alarm
morning alarm 1,alarm
set an alarm 2,alarm
alarm for tomorrow 3,alarm
alarm for tomorrow 4,alarm
set an alarm 0,alarm
wake me up 1,alarm
wake me up 2,alarm
set an alarm 3,alarm
set an alarm 4,alarm
wake me up 0,alarm
alarm for tomorrow 1,alarm
wake me up 2,alarm
morning alarm 3,alarm
morning alarm 4,alarm
set an alarm 0,alarm
morning alarm 1,alarm
set an alarm 2,alarm
alarm for tomorrow 3,alarm
wake me up 4,alarm
wake me up 0,alarm
alarm for tomorrow 1,alarm
alarm for tomorrow 2,alarm
wake me up 3,alarm
alarm for tomorrow 4,alarm
wake me up 0,alarm
morning alarm 1,alarm
set an alarm 2,alarm
set an alarm 3,alarm
wake me up 4,alarm
wake me up 0,alarm
set an alarm 1,alarm
wake me up 2,alarm
alarm for tomorrow 3,alarm
alarm for tomorrow 4,alarm
set an alarm 0,alarm
wake me up 1,alarm
morning alarm 2,alarm
alarm for tomorrow 3,alarm
morning alarm 4,alarm
morning alarm 0,alarm
morning alarm 1,alarm
morning alarm 2,alarm
alarm for tomorrow 3,alarm
wake me up 4,alarm
wake me up 0,alarm
wake me up 1,alarm
set an alarm 2,alarm
wake me up 3,alarm
set an alarm 4,alarm
alarm for tomorrow 0,alarm
morning alarm 1,alarm
wake me up 2,alarm
alarm for tomorrow 3,alarm
wake me up 4,alarm
set an alarm 0,alarm
morning alarm 1,alarm
set an alarm 2,alarm
alarm for tomorrow 3,alarm
alarm for tomorrow 4,alarm
morning alarm 0,alarm
wake me up 1,alarm
set an alarm 2,alarm
alarm for tomorrow 3,alarm
wake me up 4,alarm
morning alarm 0,alarm
set an alarm 1,alarm
alarm for tomorrow 2,alarm
alarm for tomorrow 3,alarm
morning alarm 4,alarm
wake me up 0,alarm
alarm for tomorrow 1,alarm
alarm for tomorrow 2,alarm
alarm for tomorrow 3,alarm
set an alarm 4,alarm
set an alarm 0,alarm
wake me up 1,alarm
morning alarm 2,alarm
wake me up 3,alarm
morning alarm 4,alarm
wake me up 0,alarm
wake me up 1,alarm
wake me up 2,alarm
wake me up 3,alarm
set an alarm 4,alarm
morning alarm 0,alarm
wake me up 1,alarm
wake me up 2,alarm
morning alarm 3,alarm
set an alarm 4,alarm
set an alarm 0,alarm
set an alarm 1,alarm
alarm for tomorrow 2,alarm
wake me up 3,alarm
morning alarm 4,alarm
set an alarm 0,alarm
morning alarm 1,alarm
wake me up 2,alarm
wake me up 3,alarm
set an alarm 4,alarm
wake me up 0,alarm
wake me up 1,alarm
wake me up 2,alarm
wake me up 3,alarm
wake me up 4,alarm
wake me up 0,alarm
wake me up 1,alarm
set an alarm 2,alarm
morning alarm 3,alarm
alarm for tomorrow 4,alarm
alarm for tomorrow 0,alarm
alarm for tomorrow 1,alarm
wake me up 2,alarm
wake me up 3,alarm
set an alarm 4,alarm
set an alarm 0,alarm
alarm for tomorrow 1,alarm
wake me up 2,alarm
set an alarm 3,alarm
morning alarm 4,alarm
morning alarm 0,alarm
alarm for tomorrow 1,alarm
set an alarm 2,alarm
wake me up 3,alarm
wake me up 4,alarm
morning alarm 0,alarm
alarm for tomorrow 1,alarm
wake me up 2,alarm
wake me up 3,alarm
morning alarm 4,alarm
morning alarm 0,alarm
set an alarm 1,alarm
set an alarm 2,alarm
alarm for tomorrow 3,alarm
set an alarm 4,alarm
wake me up 0,alarm
morning alarm 1,alarm
set an alarm 2,alarm
set an alarm 3,alarm
morning alarm 4,alarm
start songs 0,play_music
play party music 1,play_music
start songs 2,play_music
play music 3,play_music
start songs 4,play_music
play music 0,play_music
play relaxing music 1,play_music
play relaxing music 2,play_music
start songs 3,play_music
play relaxing music 4,play_music
play music 0,play_music
play relaxing music 1,play_music
start songs 2,play_music
play party music 3,play_music
start songs 4,play_music
start songs 0,play_music
start songs 1,play_music
start songs 2,play_music
start songs 3,play_music
start songs 4,play_music
play music 0,play_music
play party music 1,play_music
play relaxing music 2,play_music
play relaxing music 3,play_music
play music 4,play_music
play party music 0,play_music
play party music 1,play_music
start songs 2,play_music
play music 3,play_music
play relaxing music 4,play_music
start songs 0,play_music
start songs 1,play_music
play relaxing music 2,play_music
play relaxing music 3,play_music
play music 4,play_music
play party music 0,play_music
start songs 1,play_music
play relaxing music 2,play_music
play party music 3,play_music
play party music 4,play_music
play music 0,play_music
start songs 1,play_music
play music 2,play_music
play relaxing music 3,play_music
play party music 4,play_music
start songs 0,play_music
start songs 1,play_music
play relaxing music 2,play_music
play party music 3,play_music
play music 4,play_music
play party music 0,play_music
play party music 1,play_music
play relaxing music 2,play_music
play relaxing music 3,play_music
play music 4,play_music
play relaxing music 0,play_music
play music 1,play_music
play party music 2,play_music
start songs 3,play_music
start songs 4,play_music
play party music 0,play_music
play party music 1,play_music
play music 2,play_music
play music 3,play_music
play relaxing music 4,play_music
play music 0,play_music
play party music 1,play_music
start songs 2,play_music
play music 3,play_music
play music 4,play_music
play relaxing music 0,play_music
start songs 1,play_music
start songs 2,play_music
play music 3,play_music
start songs 4,play_music
play relaxing music 0,play_music
start songs 1,play_music
play music 2,play_music
play music 3,play_music
play music 4,play_music
play party music 0,play_music
play relaxing music 1,play_music
play music 2,play_music
play party music 3,play_music
play relaxing music 4,play_music
start songs 0,play_music
play relaxing music 1,play_music
play music 2,play_music
start songs 3,play_music
play music 4,play_music
play relaxing music 0,play_music
start songs 1,play_music
play relaxing music 2,play_music
play music 3,play_music
play party music 4,play_music
start songs 0,play_music
play party music 1,play_music
start songs 2,play_music
play relaxing music 3,play_music
start songs 4,play_music
play music 0,play_music
play party music 1,play_music
play music 2,play_music
play relaxing music 3,play_music
play music 4,play_music
play music 0,play_music
play music 1,play_music
start songs 2,play_music
play party music 3,play_music
play party music 4,play_music
play party music 0,play_music
play party music 1,play_music
play music 2,play_music
start songs 3,play_music
play party music 4,play_music
play music 0,play_music
play relaxing music 1,play_music
play relaxing music 2,play_music
play music 3,play_music
start songs 4,play_music
start songs 0,play_music
play relaxing music 1,play_music
start songs 2,play_music
play party music 3,play_music
play relaxing music 4,play_music
play party music 0,play_music
play music 1,play_music
play party music 2,play_music
play party music 3,play_music
play party music 4,play_music
play party music 0,play_music
start songs 1,play_music
start songs 2,play_music
play music 3,play_music
play music 4,play_music
play music 0,play_music
play relaxing music 1,play_music
start songs 2,play_music
play party music 3,play_music
start songs 4,play_music
play relaxing music 0,play_music
play party music 1,play_music
start songs 2,play_music
play music 3,play_music
play party music 4,play_music
play relaxing music 0,play_music
play music 1,play_music
play music 2,play_music
play party music 3,play_music
play party music 4,play_music
play relaxing music 0,play_music
play relaxing music 1,play_music
start songs 2,play_music
start songs 3,play_music
play relaxing music 4,play_music
play party music 0,play_music
play party music 1,play_music
start songs 2,play_music
play music 3,play_music
start songs 4,play_music
play music 0,play_music
start songs 1,play_music
play relaxing music 2,play_music
start songs 3,play_music
start songs 4,play_music
start songs 0,play_music
start songs 1,play_music
start songs 2,play_music
start songs 3,play_music
play party music 4,play_music
tell a joke 0,jokes_fun
tell a joke 1,jokes_fun
another joke 2,jokes_fun
another joke 3,jokes_fun
make me laugh 4,jokes_fun
funny joke 0,jokes_fun
tell a joke 1,jokes_fun
make me laugh 2,jokes_fun
make me laugh 3,jokes_fun
make me laugh 4,jokes_fun
make me laugh 0,jokes_fun
another joke 1,jokes_fun
another joke 2,jokes_fun
another joke 3,jokes_fun
funny joke 4,jokes_fun
funny joke 0,jokes_fun
funny joke 1,jokes_fun
tell a joke 2,jokes_fun
another joke 3,jokes_fun
make me laugh 4,jokes_fun
make me laugh 0,jokes_fun
funny joke 1,jokes_fun
make me laugh 2,jokes_fun
tell a joke 3,jokes_fun
funny joke 4,jokes_fun
make me laugh 0,jokes_fun
funny joke 1,jokes_fun
tell a joke 2,jokes_fun
tell a joke 3,jokes_fun
make me laugh 4,jokes_fun
another joke 0,jokes_fun
make me laugh 1,jokes_fun
make me laugh 2,jokes_fun
funny joke 3,jokes_fun
another joke 4,jokes_fun
make me laugh 0,jokes_fun
another joke 1,jokes_fun
tell a joke 2,jokes_fun
funny joke 3,jokes_fun
funny joke 4,jokes_fun
another joke 0,jokes_fun
funny joke 1,jokes_fun
another joke 2,jokes_fun
make me laugh 3,jokes_fun
tell a joke 4,jokes_fun
make me laugh 0,jokes_fun
another joke 1,jokes_fun
tell a joke 2,jokes_fun
another joke 3,jokes_fun
tell a joke 4,jokes_fun
make me laugh 0,jokes_fun
funny joke 1,jokes_fun
funny joke 2,jokes_fun
funny joke 3,jokes_fun
funny joke 4,jokes_fun
another joke 0,jokes_fun
another joke 1,jokes_fun
make me laugh 2,jokes_fun
another joke 3,jokes_fun
funny joke 4,jokes_fun
make me laugh 0,jokes_fun
funny joke 1,jokes_fun
make me laugh 2,jokes_fun
tell a joke 3,jokes_fun
make me laugh 4,jokes_fun
funny joke 0,jokes_fun
funny joke 1,jokes_fun
funny joke 2,jokes_fun
tell a joke 3,jokes_fun
make me laugh 4,jokes_fun
another joke 0,jokes_fun
another joke 1,jokes_fun
another joke 2,jokes_fun
funny joke 3,jokes_fun
make me laugh 4,jokes_fun
another joke 0,jokes_fun
tell a joke 1,jokes_fun
funny joke 2,jokes_fun
make me laugh 3,jokes_fun
another joke 4,jokes_fun
funny joke 0,jokes_fun
funny joke 1,jokes_fun
tell a joke 2,jokes_fun
another joke 3,jokes_fun
another joke 4,jokes_fun
another joke 0,jokes_fun
another joke 1,jokes_fun
tell a joke 2,jokes_fun
funny joke 3,jokes_fun
make me laugh 4,jokes_fun
make me laugh 0,jokes_fun
another joke 1,jokes_fun
tell a joke 2,jokes_fun
tell a joke 3,jokes_fun
funny joke 4,jokes_fun
tell a joke 0,jokes_fun
tell a joke 1,jokes_fun
tell a joke 2,jokes_fun
make me laugh 3,jokes_fun
another joke 4,jokes_fun
make me laugh 0,jokes_fun
another joke 1,jokes_fun
funny joke 2,jokes_fun
make me laugh 3,jokes_fun
tell a joke 4,jokes_fun
make me laugh 0,jokes_fun
funny joke 1,jokes_fun
another joke 2,jokes_fun
funny joke 3,jokes_fun
tell a joke 4,jokes_fun
tell a joke 0,jokes_fun
tell a joke 1,jokes_fun
tell a joke 2,jokes_fun
funny joke 3,jokes_fun
another joke 4,jokes_fun
another joke 0,jokes_fun
another joke 1,jokes_fun
tell a joke 2,jokes_fun
funny joke 3,jokes_fun
another joke 4,jokes_fun
another joke 0,jokes_fun
tell a joke 1,jokes_fun
funny joke 2,jokes_fun
another joke 3,jokes_fun
another joke 4,jokes_fun
make me laugh 0,jokes_fun
funny joke 1,jokes_fun
funny joke 2,jokes_fun
another joke 3,jokes_fun
another joke 4,jokes_fun
tell a joke 0,jokes_fun
make me laugh 1,jokes_fun
another joke 2,jokes_fun
tell a joke 3,jokes_fun
funny joke 4,jokes_fun
tell a joke 0,jokes_fun
make me laugh 1,jokes_fun
another joke 2,jokes_fun
funny joke 3,jokes_fun
another joke 4,jokes_fun
another joke 0,jokes_fun
tell a joke 1,jokes_fun
another joke 2,jokes_fun
make me laugh 3,jokes_fun
make me laugh 4,jokes_fun
make me laugh 0,jokes_fun
funny joke 1,jokes_fun
make me laugh 2,jokes_fun
another joke 3,jokes_fun
funny joke 4,jokes_fun
funny joke 0,jokes_fun
tell a joke 1,jokes_fun
another joke 2,jokes_fun
tell a joke 3,jokes_fun
tell a joke 4,jokes_fun
tell a joke 0,jokes_fun
tell a joke 1,jokes_fun
another joke 2,jokes_fun
funny joke 3,jokes_fun
another joke 4,jokes_fun
make me laugh 0,jokes_fun
make me laugh 1,jokes_fun
make me laugh 2,jokes_fun
another joke 3,jokes_fun
make me laugh 4,jokes_fun
funny joke 0,jokes_fun
make me laugh 1,jokes_fun
make me laugh 2,jokes_fun
another joke 3,jokes_fun
another joke 4,jokes_fun
latest news 0,news
top headlines 1,news
today's news 2,news
latest news 3,news
today's news 4,news
news update 0,news
news update 1,news
top headlines 2,news
top headlines 3,news
latest news 4,news
news update 0,news
news update 1,news
top headlines 2,news
top headlines 3,news
news update 4,news
today's news 0,news
news update 1,news
news update 2,news
news update 3,news
news update 4,news
latest news 0,news
latest news 1,news
news update 2,news
top headlines 3,news
latest news 4,news
top headlines 0,news
top headlines 1,news
news update 2,news
news update 3,news
top headlines 4,news
today's news 0,news
top headlines 1,news
top headlines 2,news
today's news 3,news
news update 4,news
today's news 0,news
latest news 1,news
latest news 2,news
news update 3,news
latest news 4,news
top headlines 0,news
today's news 1,news
latest news 2,news
top headlines 3,news
today's news 4,news
top headlines 0,news
today's news 1,news
today's news 2,news
today's news 3,news
top headlines 4,news
today's news 0,news
news update 1,news
today's news 2,news
latest news 3,news
latest news 4,news
today's news 0,news
top headlines 1,news
news update 2,news
news update 3,news
top headlines 4,news
today's news 0,news
top headlines 1,news
latest news 2,news
top headlines 3,news
news update 4,news
latest news 0,news
top headlines 1,news
today's news 2,news
latest news 3,news
latest news 4,news
top headlines 0,news
top headlines 1,news
news update 2,news
latest news 3,news
today's news 4,news
today's news 0,news
latest news 1,news
latest news 2,news
today's news 3,news
latest news 4,news
top headlines 0,news
top headlines 1,news
news update 2,news
latest news 3,news
today's news 4,news
today's news 0,news
news update 1,news
news update 2,news
today's news 3,news
latest news 4,news
top headlines 0,news
top headlines 1,news
top headlines 2,news
latest news 3,news
latest news 4,news
top headlines 0,news
news update 1,news
top headlines 2,news
news update 3,news
top headlines 4,news
news update 0,news
today's news 1,news
top headlines 2,news
today's news 3,news
news update 4,news
today's news 0,news
today's news 1,news
news update 2,news
latest news 3,news
latest news 4,news
today's news 0,news
today's news 1,news
today's news 2,news
top headlines 3,news
news update 4,news
news update 0,news
today's news 1,news
today's news 2,news
latest news 3,news
today's news 4,news
top headlines 0,news
latest news 1,news
top headlines 2,news
latest news 3,news
latest news 4,news
top headlines 0,news
latest news 1,news
news update 2,news
news update 3,news
latest news 4,news
news update 0,news
today's news 1,news
top headlines 2,news
top headlines 3,news
latest news 4,news
today's news 0,news
today's news 1,news
today's news 2,news
today's news 3,news
today's news 4,news
top headlines 0,news
news update 1,news
latest news 2,news
today's news 3,news
top headlines 4,news
top headlines 0,news
top headlines 1,news
today's news 2,news
latest news 3,news
top headlines 4,news
news update 0,news
news update 1,news
today's news 2,news
today's news 3,news
top headlines 4,news
top headlines 0,news
today's news 1,news
latest news 2,news
top headlines 3,news
today's news 4,news
news update 0,news
top headlines 1,news
top headlines 2,news
news update 3,news
top headlines 4,news
latest news 0,news
today's news 1,news
top headlines 2,news
news update 3,news
today's news 4,news
suggest a movie 0,movies
suggest a movie 1,movies
popular films 2,movies
suggest a movie 3,movies
latest movies 4,movies
latest movies 0,movies
suggest a movie 1,movies
movie recommendation 2,movies
suggest a movie 3,movies
popular films 4,movies
movie recommendation 0,movies
suggest a movie 1,movies
latest movies 2,movies
suggest a movie 3,movies
movie recommendation 4,movies
suggest a movie 0,movies
latest movies 1,movies
popular films 2,movies
latest movies 3,movies
movie recommendation 4,movies
latest movies 0,movies
suggest a movie 1,movies
popular films 2,movies
movie recommendation 3,movies
movie recommendation 4,movies
movie recommendation 0,movies
latest movies 1,movies
movie recommendation 2,movies
popular films 3,movies
popular films 4,movies
latest movies 0,movies
popular films 1,movies
suggest a movie 2,movies
popular films 3,movies
latest movies 4,movies
movie recommendation 0,movies
movie recommendation 1,movies
latest movies 2,movies
popular films 3,movies
latest movies 4,movies
movie recommendation 0,movies
movie recommendation 1,movies
latest movies 2,movies
latest movies 3,movies
latest movies 4,movies
movie recommendation 0,movies
latest movies 1,movies
popular films 2,movies
suggest a movie 3,movies
latest movies 4,movies
suggest a movie 0,movies
movie recommendation 1,movies
latest movies 2,movies
movie recommendation 3,movies
suggest a movie 4,movies
popular films 0,movies
latest movies 1,movies
suggest a movie 2,movies
movie recommendation 3,movies
movie recommendation 4,movies
latest movies 0,movies
latest movies 1,movies
latest movies 2,movies
popular films 3,movies
latest movies 4,movies
suggest a movie 0,movies
suggest a movie 1,movies
popular films 2,movies
suggest a movie 3,movies
popular films 4,movies
latest movies 0,movies
latest movies 1,movies
suggest a movie 2,movies
latest movies 3,movies
popular films 4,movies
popular films 0,movies
movie recommendation 1,movies
suggest a movie 2,movies
popular films 3,movies
popular films 4,movies
popular films 0,movies
popular films 1,movies
popular films 2,movies
popular films 3,movies
suggest a movie 4,movies
movie recommendation 0,movies
latest movies 1,movies
popular films 2,movies
suggest a movie 3,movies
popular films 4,movies
suggest a movie 0,movies
suggest a movie 1,movies
suggest a movie 2,movies
popular films 3,movies
suggest a movie 4,movies
latest movies 0,movies
latest movies 1,movies
movie recommendation 2,movies
latest movies 3,movies
latest movies 4,movies
latest movies 0,movies
latest movies 1,movies
latest movies 2,movies
suggest a movie 3,movies
movie recommendation 4,movies
movie recommendation 0,movies
popular films 1,movies
suggest a movie 2,movies
movie recommendation 3,movies
movie recommendation 4,movies
movie recommendation 0,movies
suggest a movie 1,movies
popular films 2,movies
suggest a movie 3,movies
suggest a movie 4,movies
suggest a movie 0,movies
movie recommendation 1,movies
movie recommendation 2,movies
suggest a movie 3,movies
movie recommendation 4,movies
suggest a movie 0,movies
popular films 1,movies
suggest a movie 2,movies
movie recommendation 3,movies
movie recommendation 4,movies
latest movies 0,movies
movie recommendation 1,movies
movie recommendation 2,movies
popular films 3,movies
suggest a movie 4,movies
movie recommendation 0,movies
popular films 1,movies
latest movies 2,movies
movie recommendation 3,movies
movie recommendation 4,movies
suggest a movie 0,movies
popular films 1,movies
movie recommendation 2,movies
latest movies 3,movies
suggest a movie 4,movies
movie recommendation 0,movies
popular films 1,movies
popular films 2,movies
suggest a movie 3,movies
suggest a movie 4,movies
latest movies 0,movies
popular films 1,movies
latest movies 2,movies
popular films 3,movies
popular films 4,movies
popular films 0,movies
suggest a movie 1,movies
popular films 2,movies
suggest a movie 3,movies
movie recommendation 4,movies
suggest a movie 0,movies
movie recommendation 1,movies
suggest a movie 2,movies
latest movies 3,movies
suggest a movie 4,movies
latest movies 0,movies
popular films 1,movies
latest movies 2,movies
popular films 3,movies
popular films 4,movies
suggest a movie 0,movies
suggest a movie 1,movies
latest movies 2,movies
suggest a movie 3,movies
movie recommendation 4,movies
set a timer 0,set_timer
set a timer 1,set_timer
timer for cooking 2,set_timer
start countdown 3,set_timer
start timer 4,set_timer
timer for cooking 0,set_timer
timer for cooking 1,set_timer
set a timer 2,set_timer
start timer 3,set_timer
start timer 4,set_timer
start countdown 0,set_timer
timer for cooking 1,set_timer
timer for cooking 2,set_timer
start countdown 3,set_timer
start countdown 4,set_timer
start countdown 0,set_timer
start countdown 1,set_timer
start timer 2,set_timer
timer for cooking 3,set_timer
set a timer 4,set_timer
start countdown 0,set_timer
start countdown 1,set_timer
start countdown 2,set_timer
timer for cooking 3,set_timer
timer for cooking 4,set_timer
timer for cooking 0,set_timer
set a timer 1,set_timer
timer for cooking 2,set_timer
start timer 3,set_timer
start countdown 4,set_timer
timer for cooking 0,set_timer
set a timer 1,set_timer
start timer 2,set_timer
timer for cooking 3,set_timer
start timer 4,set_timer
start countdown 0,set_timer
start timer 1,set_timer
start countdown 2,set_timer
start timer 3,set_timer
start timer 4,set_timer
start timer 0,set_timer
start timer 1,set_timer
set a timer 2,set_timer
start countdown 3,set_timer
start countdown 4,set_timer
start timer 0,set_timer
start timer 1,set_timer
start timer 2,set_timer
start timer 3,set_timer
start countdown 4,set_timer
start timer 0,set_timer
timer for cooking 1,set_timer
start timer 2,set_timer
start countdown 3,set_timer
set a timer 4,set_timer
start timer 0,set_timer
start timer 1,set_timer
timer for cooking 2,set_timer
set a timer 3,set_timer
timer for cooking 4,set_timer
set a timer 0,set_timer
timer for cooking 1,set_timer
timer for cooking 2,set_timer
timer for cooking 3,set_timer
timer for cooking 4,set_timer
set a timer 0,set_timer
start timer 1,set_timer
start timer 2,set_timer
timer for cooking 3,set_timer
start countdown 4,set_timer
start timer 0,set_timer
start timer 1,set_timer
timer for cooking 2,set_timer
start countdown 3,set_timer
start timer 4,set_timer
start timer 0,set_timer
start timer 1,set_timer
start timer 2,set_timer
timer for cooking 3,set_timer
timer for cooking 4,set_timer
set a timer 0,set_timer
set a timer 1,set_timer
timer for cooking 2,set_timer
set a timer 3,set_timer
start timer 4,set_timer
start timer 0,set_timer
timer for cooking 1,set_timer
start timer 2,set_timer
timer for cooking 3,set_timer
timer for cooking 4,set_timer
start countdown 0,set_timer
start timer 1,set_timer
start countdown 2,set_timer
start countdown 3,set_timer
start timer 4,set_timer
start timer 0,set_timer
set a timer 1,set_timer
start timer 2,set_timer
start timer 3,set_timer
start timer 4,set_timer
start timer 0,set_timer
set a timer 1,set_timer
start timer 2,set_timer
timer for cooking 3,set_timer
set a timer 4,set_timer
timer for cooking 0,set_timer
start timer 1,set_timer
timer for cooking 2,set_timer
start timer 3,set_timer
set a timer 4,set_timer
set a timer 0,set_timer
set a timer 1,set_timer
start countdown 2,set_timer
set a timer 3,set_timer
start timer 4,set_timer
start countdown 0,set_timer
start timer 1,set_timer
start timer 2,set_timer
start countdown 3,set_timer
set a timer 4,set_timer
start countdown 0,set_timer
set a timer 1,set_timer
start timer 2,set_timer
timer for cooking 3,set_timer
set a timer 4,set_timer
start timer 0,set_timer
timer for cooking 1,set_timer
start timer 2,set_timer
start timer 3,set_timer
start countdown 4,set_timer
set a timer 0,set_timer
timer for cooking 1,set_timer
start countdown 2,set_timer
start countdown 3,set_timer
start timer 4,set_timer
start timer 0,set_timer
start timer 1,set_timer
start timer 2,set_timer
set a timer 3,set_timer
set a timer 4,set_timer
timer for cooking 0,set_timer
set a timer 1,set_timer
set a timer 2,set_timer
start timer 3,set_timer
timer for cooking 4,set_timer
set a timer 0,set_timer
start timer 1,set_timer
start countdown 2,set_timer
timer for cooking 3,set_timer
start countdown 4,set_timer
set a timer 0,set_timer
start countdown 1,set_timer
start timer 2,set_timer
start timer 3,set_timer
set a timer 4,set_timer
start timer 0,set_timer
timer for cooking 1,set_timer
set a timer 2,set_timer
set a timer 3,set_timer
start countdown 4,set_timer
start countdown 0,set_timer
set a timer 1,set_timer
set a timer 2,set_timer
start timer 3,set_timer
start countdown 4,set_timer
start timer 0,set_timer
start timer 1,set_timer
set a timer 2,set_timer
set a timer 3,set_timer
start countdown 4,set_timer
reminder for meeting 0,reminder
don't forget task 1,reminder
don't forget task 2,reminder
don't forget task 3,reminder
set reminder 4,reminder
reminder for meeting 0,reminder
don't forget task 1,reminder
reminder for meeting 2,reminder
remind me later 3,reminder
set reminder 4,reminder
reminder for meeting 0,reminder
remind me later 1,reminder
reminder for meeting 2,reminder
remind me later 3,reminder
remind me later 4,reminder
reminder for meeting 0,reminder
set reminder 1,reminder
set reminder 2,reminder
remind me later 3,reminder
set reminder 4,reminder
don't forget task 0,reminder
don't forget task 1,reminder
remind me later 2,reminder
reminder for meeting 3,reminder
set reminder 4,reminder
don't forget task 0,reminder
remind me later 1,reminder
don't forget task 2,reminder
set reminder 3,reminder
don't forget task 4,reminder
remind me later 0,reminder
set reminder 1,reminder
remind me later 2,reminder
set reminder 3,reminder
don't forget task 4,reminder
don't forget task 0,reminder
set reminder 1,reminder
set reminder 2,reminder
set reminder 3,reminder
don't forget task 4,reminder
reminder for meeting 0,reminder
reminder for meeting 1,reminder
set reminder 2,reminder
reminder for meeting 3,reminder
don't forget task 4,reminder
remind me later 0,reminder
don't forget task 1,reminder
remind me later 2,reminder
remind me later 3,reminder
don't forget task 4,reminder
remind me later 0,reminder
reminder for meeting 1,reminder
reminder for meeting 2,reminder
reminder for meeting 3,reminder
set reminder 4,reminder
don't forget task 0,reminder
set reminder 1,reminder
set reminder 2,reminder
don't forget task 3,reminder
don't forget task 4,reminder
reminder for meeting 0,reminder
remind me later 1,reminder
reminder for meeting 2,reminder
don't forget task 3,reminder
remind me later 4,reminder
reminder for meeting 0,reminder
remind me later 1,reminder
don't forget task 2,reminder
set reminder 3,reminder
remind me later 4,reminder
set reminder 0,reminder
remind me later 1,reminder
set reminder 2,reminder
remind me later 3,reminder
reminder for meeting 4,reminder
don't forget task 0,reminder
reminder for meeting 1,reminder
remind me later 2,reminder
don't forget task 3,reminder
don't forget task 4,reminder
set reminder 0,reminder
reminder for meeting 1,reminder
reminder for meeting 2,reminder
reminder for meeting 3,reminder
don't forget task 4,reminder
reminder for meeting 0,reminder
set reminder 1,reminder
remind me later 2,reminder
set reminder 3,reminder
don't forget task 4,reminder
set reminder 0,reminder
set reminder 1,reminder
remind me later 2,reminder
set reminder 3,reminder
set reminder 4,reminder
don't forget task 0,reminder
remind me later 1,reminder
set reminder 2,reminder
don't forget task 3,reminder
set reminder 4,reminder
don't forget task 0,reminder
set reminder 1,reminder
remind me later 2,reminder
reminder for meeting 3,reminder
remind me later 4,reminder
don't forget task 0,reminder
set reminder 1,reminder
don't forget task 2,reminder
don't forget task 3,reminder
reminder for meeting 4,reminder
don't forget task 0,reminder
don't forget task 1,reminder
don't forget task 2,reminder
don't forget task 3,reminder
remind me later 4,reminder
reminder for meeting 0,reminder
reminder for meeting 1,reminder
set reminder 2,reminder
remind me later 3,reminder
don't forget task 4,reminder
remind me later 0,reminder
don't forget task 1,reminder
remind me later 2,reminder
set reminder 3,reminder
don't forget task 4,reminder
don't forget task 0,reminder
remind me later 1,reminder
remind me later 2,reminder
don't forget task 3,reminder
reminder for meeting 4,reminder
don't forget task 0,reminder
reminder for meeting 1,reminder
don't forget task 2,reminder
set reminder 3,reminder
remind me later 4,reminder
remind me later 0,reminder
don't forget task 1,reminder
reminder for meeting 2,reminder
remind me later 3,reminder
don't forget task 4,reminder
set reminder 0,reminder
reminder for meeting 1,reminder
set reminder 2,reminder
set reminder 3,reminder
set reminder 4,reminder
remind me later 0,reminder
set reminder 1,reminder
reminder for meeting 2,reminder
reminder for meeting 3,reminder
reminder for meeting 4,reminder
reminder for meeting 0,reminder
remind me later 1,reminder
reminder for meeting 2,reminder
reminder for meeting 3,reminder
don't forget task 4,reminder
don't forget task 0,reminder
remind me later 1,reminder
set reminder 2,reminder
don't forget task 3,reminder
reminder for meeting 4,reminder
don't forget task 0,reminder
remind me later 1,reminder
reminder for meeting 2,reminder
reminder for meeting 3,reminder
reminder for meeting 4,reminder
reminder for meeting 0,reminder
reminder for meeting 1,reminder
set reminder 2,reminder
set reminder 3,reminder
don't forget task 4,reminder
date today 0,date_time
current time 1,date_time
current time 2,date_time
what time is it 3,date_time
date today 4,date_time
what time is it 0,date_time
current time 1,date_time
current time 2,date_time
current time 3,date_time
date today 4,date_time
today's date 0,date_time
current time 1,date_time
date today 2,date_time
current time 3,date_time
current time 4,date_time
today's date 0,date_time
current time 1,date_time
current time 2,date_time
what time is it 3,date_time
today's date 4,date_time
date today 0,date_time
what time is it 1,date_time
what time is it 2,date_time
current time 3,date_time
current time 4,date_time
today's date 0,date_time
today's date 1,date_time
what time is it 2,date_time
today's date 3,date_time
date today 4,date_time
today's date 0,date_time
what time is it 1,date_time
date today 2,date_time
today's date 3,date_time
today's date 4,date_time
date today 0,date_time
date today 1,date_time
what time is it 2,date_time
today's date 3,date_time
date today 4,date_time
today's date 0,date_time
what time is it 1,date_time
today's date 2,date_time
current time 3,date_time
current time 4,date_time
current time 0,date_time
what time is it 1,date_time
current time 2,date_time
today's date 3,date_time
current time 4,date_time
what time is it 0,date_time
current time 1,date_time
today's date 2,date_time
today's date 3,date_time
current time 4,date_time
what time is it 0,date_time
date today 1,date_time
current time 2,date_time
date today 3,date_time
today's date 4,date_time
today's date 0,date_time
current time 1,date_time
current time 2,date_time
date today 3,date_time
current time 4,date_time
today's date 0,date_time
today's date 1,date_time
date today 2,date_time
current time 3,date_time
current time 4,date_time
date today 0,date_time
today's date 1,date_time
today's date 2,date_time
what time is it 3,date_time
today's date 4,date_time
today's date 0,date_time
date today 1,date_time
current time 2,date_time
what time is it 3,date_time
date today 4,date_time
what time is it 0,date_time
today's date 1,date_time
current time 2,date_time
today's date 3,date_time
today's date 4,date_time
current time 0,date_time
what time is it 1,date_time
current time 2,date_time
current time 3,date_time
today's date 4,date_time
current time 0,date_time
current time 1,date_time
what time is it 2,date_time
what time is it 3,date_time
current time 4,date_time
what time is it 0,date_time
current time 1,date_time
what time is it 2,date_time
today's date 3,date_time
today's date 4,date_time
today's date 0,date_time
what time is it 1,date_time
today's date 2,date_time
date today 3,date_time
what time is it 4,date_time
today's date 0,date_time
today's date 1,date_time
what time is it 2,date_time
current time 3,date_time
current time 4,date_time
date today 0,date_time
current time 1,date_time
current time 2,date_time
date today 3,date_time
date today 4,date_time
what time is it 0,date_time
what time is it 1,date_time
today's date 2,date_time
date today 3,date_time
date today 4,date_time
date today 0,date_time
date today 1,date_time
today's date 2,date_time
what time is it 3,date_time
what time is it 4,date_time
date today 0,date_time
current time 1,date_time
what time is it 2,date_time
what time is it 3,date_time
what time is it 4,date_time
date today 0,date_time
today's date 1,date_time
current time 2,date_time
current time 3,date_time
today's date 4,date_time
date today 0,date_time
current time 1,date_time
what time is it 2,date_time
today's date 3,date_time
date today 4,date_time
today's date 0,date_time
today's date 1,date_time
today's date 2,date_time
today's date 3,date_time
today's date 4,date_time
date today 0,date_time
date today 1,date_time
current time 2,date_time
current time 3,date_time
current time 4,date_time
current time 0,date_time
date today 1,date_time
today's date 2,date_time
what time is it 3,date_time
current time 4,date_time
current time 0,date_time
current time 1,date_time
date today 2,date_time
current time 3,date_time
what time is it 4,date_time
current time 0,date_time
current time 1,date_time
current time 2,date_time
what time is it 3,date_time
today's date 4,date_time
what time is it 0,date_time
what time is it 1,date_time
date today 2,date_time
today's date 3,date_time
what time is it 4,date_time
what's on calendar 0,calendar
meetings today 1,calendar
calendar events 2,calendar
what's on calendar 3,calendar
calendar events 4,calendar
what's on calendar 0,calendar
my schedule 1,calendar
calendar events 2,calendar
what's on calendar 3,calendar
my schedule 4,calendar
my schedule 0,calendar
what's on calendar 1,calendar
calendar events 2,calendar
what's on calendar 3,calendar
meetings today 4,calendar
what's on calendar 0,calendar
my schedule 1,calendar
what's on calendar 2,calendar
my schedule 3,calendar
meetings today 4,calendar
what's on calendar 0,calendar
calendar events 1,calendar
calendar events 2,calendar
meetings today 3,calendar
what's on calendar 4,calendar
calendar events 0,calendar
my schedule 1,calendar
what's on calendar 2,calendar
meetings today 3,calendar
calendar events 4,calendar
what's on calendar 0,calendar
meetings today 1,calendar
what's on calendar 2,calendar
meetings today 3,calendar
calendar events 4,calendar
calendar events 0,calendar
meetings today 1,calendar
my schedule 2,calendar
what's on calendar 3,calendar
calendar events 4,calendar
calendar events 0,calendar
calendar events 1,calendar
my schedule 2,calendar
my schedule 3,calendar
my schedule 4,calendar
what's on calendar 0,calendar
my schedule 1,calendar
calendar events 2,calendar
what's on calendar 3,calendar
my schedule 4,calendar
meetings today 0,calendar
my schedule 1,calendar
meetings today 2,calendar
what's on calendar 3,calendar
meetings today 4,calendar
my schedule 0,calendar
meetings today 1,calendar
what's on calendar 2,calendar
my schedule 3,calendar
meetings today 4,calendar
calendar events 0,calendar
what's on calendar 1,calendar
what's on calendar 2,calendar
what's on calendar 3,calendar
calendar events 4,calendar
what's on calendar 0,calendar
my schedule 1,calendar
what's on calendar 2,calendar
meetings today 3,calendar
meetings today 4,calendar
what's on calendar 0,calendar
my schedule 1,calendar
my schedule 2,calendar
calendar events 3,calendar
my schedule 4,calendar
meetings today 0,calendar
my schedule 1,calendar
calendar events 2,calendar
what's on calendar 3,calendar
calendar events 4,calendar
my schedule 0,calendar
calendar events 1,calendar
my schedule 2,calendar
what's on calendar 3,calendar
meetings today 4,calendar
calendar events 0,calendar
what's on calendar 1,calendar
meetings today 2,calendar
my schedule 3,calendar
my schedule 4,calendar
meetings today 0,calendar
what's on calendar 1,calendar
what's on calendar 2,calendar
my schedule 3,calendar
meetings today 4,calendar
what's on calendar 0,calendar
my schedule 1,calendar
meetings today 2,calendar
meetings today 3,calendar
meetings today 4,calendar
my schedule 0,calendar
meetings today 1,calendar
what's on calendar 2,calendar
meetings today 3,calendar
calendar events 4,calendar
my schedule 0,calendar
meetings today 1,calendar
my schedule 2,calendar
calendar events 3,calendar
calendar events 4,calendar
calendar events 0,calendar
what's on calendar 1,calendar
what's on calendar 2,calendar
what's on calendar 3,calendar
meetings today 4,calendar
what's on calendar 0,calendar
my schedule 1,calendar
calendar events 2,calendar
meetings today 3,calendar
calendar events 4,calendar
what's on calendar 0,calendar
my schedule 1,calendar
what's on calendar 2,calendar
my schedule 3,calendar
my schedule 4,calendar
meetings today 0,calendar
meetings today 1,calendar
meetings today 2,calendar
what's on calendar 3,calendar
what's on calendar 4,calendar
what's on calendar 0,calendar
my schedule 1,calendar
what's on calendar 2,calendar
my schedule 3,calendar
what's on calendar 4,calendar
my schedule 0,calendar
my schedule 1,calendar
what's on calendar 2,calendar
my schedule 3,calendar
meetings today 4,calendar
what's on calendar 0,calendar
calendar events 1,calendar
my schedule 2,calendar
what's on calendar 3,calendar
calendar events 4,calendar
my schedule 0,calendar
my schedule 1,calendar
what's on calendar 2,calendar
my schedule 3,calendar
what's on calendar 4,calendar
calendar events 0,calendar
what's on calendar 1,calendar
meetings today 2,calendar
calendar events 3,calendar
calendar events 4,calendar
calendar events 0,calendar
what's on calendar 1,calendar
what's on calendar 2,calendar
calendar events 3,calendar
what's on calendar 4,calendar
my schedule 0,calendar
calendar events 1,calendar
meetings today 2,calendar
meetings today 3,calendar
meetings today 4,calendar
meetings today 0,calendar
calendar events 1,calendar
what's on calendar 2,calendar
calendar events 3,calendar
meetings today 4,calendar
will it rain 0,weather
weather today 1,weather
temperature outside 2,weather
will it rain 3,weather
weather forecast 4,weather
will it rain 0,weather
temperature outside 1,weather
weather forecast 2,weather
will it rain 3,weather
will it rain 4,weather
will it rain 0,weather
will it rain 1,weather
weather today 2,weather
weather forecast 3,weather
weather today 4,weather
weather today 0,weather
temperature outside 1,weather
will it rain 2,weather
weather forecast 3,weather
will it rain 4,weather
weather today 0,weather
temperature outside 1,weather
weather today 2,weather
temperature outside 3,weather
weather today 4,weather
weather forecast 0,weather
weather today 1,weather
will it rain 2,weather
will it rain 3,weather
weather today 4,weather
temperature outside 0,weather
will it rain 1,weather
weather forecast 2,weather
temperature outside 3,weather
will it rain 4,weather
weather today 0,weather
temperature outside 1,weather
weather forecast 2,weather
will it rain 3,weather
will it rain 4,weather
temperature outside 0,weather
temperature outside 1,weather
will it rain 2,weather
will it rain 3,weather
will it rain 4,weather
temperature outside 0,weather
weather today 1,weather
temperature outside 2,weather
weather today 3,weather
weather today 4,weather
weather today 0,weather
temperature outside 1,weather
will it rain 2,weather
weather forecast 3,weather
temperature outside 4,weather
will it rain 0,weather
temperature outside 1,weather
weather forecast 2,weather
weather today 3,weather
will it rain 4,weather
weather today 0,weather
will it rain 1,weather
weather forecast 2,weather
temperature outside 3,weather
will it rain 4,weather
weather today 0,weather
will it rain 1,weather
weather forecast 2,weather
weather forecast 3,weather
temperature outside 4,weather
will it rain 0,weather
temperature outside 1,weather
weather today 2,weather
temperature outside 3,weather
weather today 4,weather
will it rain 0,weather
temperature outside 1,weather
weather today 2,weather
weather today 3,weather
temperature outside 4,weather
weather today 0,weather
will it rain 1,weather
temperature outside 2,weather
weather today 3,weather
weather today 4,weather
weather forecast 0,weather
weather today 1,weather
temperature outside 2,weather
will it rain 3,weather
weather today 4,weather
temperature outside 0,weather
weather today 1,weather
temperature outside 2,weather
will it rain 3,weather
weather forecast 4,weather
temperature outside 0,weather
will it rain 1,weather
temperature outside 2,weather
will it rain 3,weather
temperature outside 4,weather
weather today 0,weather
weather forecast 1,weather
temperature outside 2,weather
weather today 3,weather
weather today 4,weather
weather forecast 0,weather
will it rain 1,weather
weather forecast 2,weather
temperature outside 3,weather
weather forecast 4,weather
weather today 0,weather
weather forecast 1,weather
temperature outside 2,weather
weather forecast 3,weather
weather today 4,weather
weather forecast 0,weather
weather forecast 1,weather
will it rain 2,weather
will it rain 3,weather
temperature outside 4,weather
weather forecast 0,weather
weather forecast 1,weather
temperature outside 2,weather
weather today 3,weather
temperature outside 4,weather
weather today 0,weather
weather forecast 1,weather
will it rain 2,weather
weather today 3,weather
temperature outside 4,weather
weather today 0,weather
weather today 1,weather
temperature outside 2,weather
weather today 3,weather
weather today 4,weather
temperature outside 0,weather
temperature outside 1,weather
temperature outside 2,weather
weather forecast 3,weather
will it rain 4,weather
weather forecast 0,weather
weather forecast 1,weather
will it rain 2,weather
weather forecast 3,weather
will it rain 4,weather
weather forecast 0,weather
temperature outside 1,weather
will it rain 2,weather
weather today 3,weather
temperature outside 4,weather
will it rain 0,weather
temperature outside 1,weather
will it rain 2,weather
temperature outside 3,weather
weather forecast 4,weather
weather forecast 0,weather
weather today 1,weather
temperature outside 2,weather
weather today 3,weather
will it rain 4,weather
weather forecast 0,weather
temperature outside 1,weather
temperature outside 2,weather
will it rain 3,weather
temperature outside 4,weather
weather forecast 0,weather
weather forecast 1,weather
weather today 2,weather
weather today 3,weather
temperature outside 4,weather
what is ai 0,general_qa
who is einstein 1,general_qa
what is ai 2,general_qa
explain python 3,general_qa
what is ai 4,general_qa
explain python 0,general_qa
define science 1,general_qa
define science 2,general_qa
who is einstein 3,general_qa
what is ai 4,general_qa
who is einstein 0,general_qa
who is einstein 1,general_qa
who is einstein 2,general_qa
what is ai 3,general_qa
who is einstein 4,general_qa
who is einstein 0,general_qa
who is einstein 1,general_qa
what is ai 2,general_qa
who is einstein 3,general_qa
what is ai 4,general_qa
define science 0,general_qa
define science 1,general_qa
what is ai 2,general_qa
what is ai 3,general_qa
define science 4,general_qa
explain python 0,general_qa
explain python 1,general_qa
explain python 2,general_qa
who is einstein 3,general_qa
what is ai 4,general_qa
define science 0,general_qa
explain python 1,general_qa
define science 2,general_qa
what is ai 3,general_qa
explain python 4,general_qa
explain python 0,general_qa
define science 1,general_qa
define science 2,general_qa
define science 3,general_qa
what is ai 4,general_qa
explain python 0,general_qa
what is ai 1,general_qa
what is ai 2,general_qa
explain python 3,general_qa
define science 4,general_qa
explain python 0,general_qa
explain python 1,general_qa
who is einstein 2,general_qa
who is einstein 3,general_qa
define science 4,general_qa
who is einstein 0,general_qa
explain python 1,general_qa
what is ai 2,general_qa
explain python 3,general_qa
define science 4,general_qa
define science 0,general_qa
who is einstein 1,general_qa
explain python 2,general_qa
explain python 3,general_qa
who is einstein 4,general_qa
who is einstein 0,general_qa
who is einstein 1,general_qa
explain python 2,general_qa
who is einstein 3,general_qa
what is ai 4,general_qa
define science 0,general_qa
what is ai 1,general_qa
what is ai 2,general_qa
who is einstein 3,general_qa
define science 4,general_qa
what is ai 0,general_qa
who is einstein 1,general_qa
what is ai 2,general_qa
define science 3,general_qa
explain python 4,general_qa
what is ai 0,general_qa
define science 1,general_qa
explain python 2,general_qa
explain python 3,general_qa
what is ai 4,general_qa
define science 0,general_qa
define science 1,general_qa
who is einstein 2,general_qa
who is einstein 3,general_qa
explain python 4,general_qa
what is ai 0,general_qa
define science 1,general_qa
explain python 2,general_qa
define science 3,general_qa
what is ai 4,general_qa
define science 0,general_qa
define science 1,general_qa
who is einstein 2,general_qa
what is ai 3,general_qa
define science 4,general_qa
explain python 0,general_qa
explain python 1,general_qa
what is ai 2,general_qa
explain python 3,general_qa
what is ai 4,general_qa
define science 0,general_qa
who is einstein 1,general_qa
explain python 2,general_qa
define science 3,general_qa
who is einstein 4,general_qa
what is ai 0,general_qa
explain python 1,general_qa
what is ai 2,general_qa
define science 3,general_qa
what is ai 4,general_qa
who is einstein 0,general_qa
explain python 1,general_qa
what is ai 2,general_qa
what is ai 3,general_qa
who is einstein 4,general_qa
define science 0,general_qa
who is einstein 1,general_qa
what is ai 2,general_qa
who is einstein 3,general_qa
who is einstein 4,general_qa
define science 0,general_qa
who is einstein 1,general_qa
who is einstein 2,general_qa
explain python 3,general_qa
explain python 4,general_qa
what is ai 0,general_qa
define science 1,general_qa
explain python 2,general_qa
explain python 3,general_qa
explain python 4,general_qa
explain python 0,general_qa
define science 1,general_qa
explain python 2,general_qa
who is einstein 3,general_qa
explain python 4,general_qa
who is einstein 0,general_qa
define science 1,general_qa
define science 2,general_qa
what is ai 3,general_qa
who is einstein 4,general_qa
who is einstein 0,general_qa
explain python 1,general_qa
define science 2,general_qa
what is ai 3,general_qa
define science 4,general_qa
explain python 0,general_qa
who is einstein 1,general_qa
define science 2,general_qa
define science 3,general_qa
define science 4,general_qa
define science 0,general_qa
explain python 1,general_qa
define science 2,general_qa
explain python 3,general_qa
who is einstein 4,general_qa
explain python 0,general_qa
explain python 1,general_qa
explain python 2,general_qa
what is ai 3,general_qa
define science 4,general_qa
who is einstein 0,general_qa
who is einstein 1,general_qa
explain python 2,general_qa
explain python 3,general_qa
who is einstein 4,general_qa
what is ai 0,general_qa
who is einstein 1,general_qa
who is einstein 2,general_qa
what is ai 3,general_qa
explain python 4,general_qa
science fact 0,facts
random fact 1,facts
history fact 2,facts
random fact 3,facts
history fact 4,facts
random fact 0,facts
history fact 1,facts
random fact 2,facts
science fact 3,facts
history fact 4,facts
history fact 0,facts
history fact 1,facts
science fact 2,facts
tell a fact 3,facts
tell a fact 4,facts
science fact 0,facts
random fact 1,facts
science fact 2,facts
science fact 3,facts
science fact 4,facts
random fact 0,facts
random fact 1,facts
tell a fact 2,facts
tell a fact 3,facts
science fact 4,facts
science fact 0,facts
history fact 1,facts
random fact 2,facts
science fact 3,facts
history fact 4,facts
science fact 0,facts
history fact 1,facts
science fact 2,facts
history fact 3,facts
random fact 4,facts
random fact 0,facts
history fact 1,facts
science fact 2,facts
science fact 3,facts
history fact 4,facts
random fact 0,facts
random fact 1,facts
history fact 2,facts
tell a fact 3,facts
tell a fact 4,facts
random fact 0,facts
history fact 1,facts
science fact 2,facts
tell a fact 3,facts
tell a fact 4,facts
science fact 0,facts
history fact 1,facts
science fact 2,facts
random fact 3,facts
tell a fact 4,facts
random fact 0,facts
random fact 1,facts
tell a fact 2,facts
science fact 3,facts
science fact 4,facts
tell a fact 0,facts
history fact 1,facts
tell a fact 2,facts
science fact 3,facts
science fact 4,facts
tell a fact 0,facts
history fact 1,facts
tell a fact 2,facts
history fact 3,facts
history fact 4,facts
science fact 0,facts
science fact 1,facts
history fact 2,facts
history fact 3,facts
tell a fact 4,facts
tell a fact 0,facts
random fact 1,facts
tell a fact 2,facts
tell a fact 3,facts
random fact 4,facts
history fact 0,facts
history fact 1,facts
random fact 2,facts
science fact 3,facts
science fact 4,facts
science fact 0,facts
science fact 1,facts
science fact 2,facts
random fact 3,facts
history fact 4,facts
science fact 0,facts
science fact 1,facts
science fact 2,facts
random fact 3,facts
tell a fact 4,facts
history fact 0,facts
random fact 1,facts
tell a fact 2,facts
science fact 3,facts
science fact 4,facts
tell a fact 0,facts
science fact 1,facts
history fact 2,facts
history fact 3,facts
tell a fact 4,facts
science fact 0,facts
tell a fact 1,facts
tell a fact 2,facts
random fact 3,facts
random fact 4,facts
history fact 0,facts
random fact 1,facts
random fact 2,facts
history fact 3,facts
tell a fact 4,facts
random fact 0,facts
history fact 1,facts
random fact 2,facts
history fact 3,facts
science fact 4,facts
science fact 0,facts
science fact 1,facts
random fact 2,facts
tell a fact 3,facts
random fact 4,facts
science fact 0,facts
random fact 1,facts
random fact 2,facts
random fact 3,facts
tell a fact 4,facts
random fact 0,facts
science fact 1,facts
tell a fact 2,facts
tell a fact 3,facts
science fact 4,facts
science fact 0,facts
random fact 1,facts
history fact 2,facts
random fact 3,facts
history fact 4,facts
tell a fact 0,facts
science fact 1,facts
history fact 2,facts
random fact 3,facts
science fact 4,facts
science fact 0,facts
science fact 1,facts
random fact 2,facts
random fact 3,facts
history fact 4,facts
science fact 0,facts
tell a fact 1,facts
science fact 2,facts
history fact 3,facts
tell a fact 4,facts
science fact 0,facts
history fact 1,facts
random fact 2,facts
history fact 3,facts
tell a fact 4,facts
history fact 0,facts
random fact 1,facts
tell a fact 2,facts
tell a fact 3,facts
tell a fact 4,facts
history fact 0,facts
history fact 1,facts
history fact 2,facts
science fact 3,facts
history fact 4,facts
traffic to office 0,traffic
traffic update 1,traffic
traffic update 2,traffic
road conditions 3,traffic
traffic to office 4,traffic
traffic to office 0,traffic
how's traffic 1,traffic
traffic update 2,traffic
road conditions 3,traffic
road conditions 4,traffic
traffic update 0,traffic
road conditions 1,traffic
traffic to office 2,traffic
how's traffic 3,traffic
how's traffic 4,traffic
traffic to office 0,traffic
traffic update 1,traffic
traffic update 2,traffic
how's traffic 3,traffic
road conditions 4,traffic
traffic update 0,traffic
traffic update 1,traffic
traffic update 2,traffic
traffic update 3,traffic
traffic update 4,traffic
how's traffic 0,traffic
traffic update 1,traffic
road conditions 2,traffic
how's traffic 3,traffic
road conditions 4,traffic
traffic to office 0,traffic
how's traffic 1,traffic
how's traffic 2,traffic
road conditions 3,traffic
road conditions 4,traffic
traffic to office 0,traffic
traffic update 1,traffic
traffic update 2,traffic
traffic to office 3,traffic
road conditions 4,traffic
traffic update 0,traffic
road conditions 1,traffic
road conditions 2,traffic
road conditions 3,traffic
road conditions 4,traffic
traffic to office 0,traffic
how's traffic 1,traffic
traffic update 2,traffic
traffic update 3,traffic
traffic update 4,traffic
traffic to office 0,traffic
traffic update 1,traffic
traffic update 2,traffic
traffic to office 3,traffic
traffic update 4,traffic
road conditions 0,traffic
traffic to office 1,traffic
traffic update 2,traffic
how's traffic 3,traffic
traffic update 4,traffic
traffic to office 0,traffic
traffic to office 1,traffic
traffic to office 2,traffic
traffic to office 3,traffic
traffic to office 4,traffic
traffic to office 0,traffic
traffic to office 1,traffic
how's traffic 2,traffic
traffic to office 3,traffic
how's traffic 4,traffic
traffic to office 0,traffic
how's traffic 1,traffic
traffic update 2,traffic
traffic to office 3,traffic
how's traffic 4,traffic
how's traffic 0,traffic
how's traffic 1,traffic
traffic to office 2,traffic
road conditions 3,traffic
road conditions 4,traffic
how's traffic 0,traffic
how's traffic 1,traffic
how's traffic 2,traffic
traffic update 3,traffic
road conditions 4,traffic
traffic update 0,traffic
how's traffic 1,traffic
how's traffic 2,traffic
traffic update 3,traffic
traffic update 4,traffic
traffic update 0,traffic
traffic to office 1,traffic
traffic to office 2,traffic
traffic to office 3,traffic
traffic update 4,traffic
traffic update 0,traffic
traffic update 1,traffic
how's traffic 2,traffic
road conditions 3,traffic
road conditions 4,traffic
how's traffic 0,traffic
traffic to office 1,traffic
how's traffic 2,traffic
how's traffic 3,traffic
traffic to office 4,traffic
traffic update 0,traffic
traffic to office 1,traffic
traffic update 2,traffic
road conditions 3,traffic
traffic to office 4,traffic
traffic update 0,traffic
traffic update 1,traffic
traffic update 2,traffic
traffic update 3,traffic
traffic update 4,traffic
traffic to office 0,traffic
how's traffic 1,traffic
road conditions 2,traffic
traffic update 3,traffic
traffic update 4,traffic
traffic update 0,traffic
how's traffic 1,traffic
traffic to office 2,traffic
road conditions 3,traffic
how's traffic 4,traffic
road conditions 0,traffic
traffic update 1,traffic
traffic to office 2,traffic
how's traffic 3,traffic
how's traffic 4,traffic
traffic update 0,traffic
how's traffic 1,traffic
traffic to office 2,traffic
road conditions 3,traffic
road conditions 4,traffic
road conditions 0,traffic
traffic to office 1,traffic
traffic update 2,traffic
road conditions 3,traffic
road conditions 4,traffic
traffic update 0,traffic
traffic to office 1,traffic
traffic update 2,traffic
road conditions 3,traffic
how's traffic 4,traffic
traffic to office 0,traffic
traffic update 1,traffic
traffic to office 2,traffic
road conditions 3,traffic
traffic update 4,traffic
traffic update 0,traffic
traffic to office 1,traffic
how's traffic 2,traffic
traffic update 3,traffic
road conditions 4,traffic
traffic update 0,traffic
traffic update 1,traffic
traffic to office 2,traffic
traffic to office 3,traffic
traffic update 4,traffic
traffic to office 0,traffic
traffic update 1,traffic
traffic to office 2,traffic
how's traffic 3,traffic
traffic to office 4,traffic
traffic to office 0,traffic
road conditions 1,traffic
road conditions 2,traffic
traffic to office 3,traffic
road conditions 4,traffic
way to hospital 0,directions
route to airport 1,directions
navigate to school 2,directions
directions to mall 3,directions
directions to mall 4,directions
way to hospital 0,directions
directions to mall 1,directions
route to airport 2,directions
route to airport 3,directions
directions to mall 4,directions
way to hospital 0,directions
way to hospital 1,directions
directions to mall 2,directions
route to airport 3,directions
way to hospital 4,directions
directions to mall 0,directions
navigate to school 1,directions
directions to mall 2,directions
route to airport 3,directions
navigate to school 4,directions
route to airport 0,directions
directions to mall 1,directions
navigate to school 2,directions
route to airport 3,directions
way to hospital 4,directions
navigate to school 0,directions
navigate to school 1,directions
route to airport 2,directions
directions to mall 3,directions
way to hospital 4,directions
directions to mall 0,directions
navigate to school 1,directions
directions to mall 2,directions
navigate to school 3,directions
way to hospital 4,directions
navigate to school 0,directions
directions to mall 1,directions
directions to mall 2,directions
way to hospital 3,directions
directions to mall 4,directions
directions to mall 0,directions
navigate to school 1,directions
navigate to school 2,directions
navigate to school 3,directions
navigate to school 4,directions
navigate to school 0,directions
directions to mall 1,directions
navigate to school 2,directions
directions to mall 3,directions
directions to mall 4,directions
directions to mall 0,directions
way to hospital 1,directions
way to hospital 2,directions
route to airport 3,directions
directions to mall 4,directions
navigate to school 0,directions
route to airport 1,directions
way to hospital 2,directions
route to airport 3,directions
directions to mall 4,directions
directions to mall 0,directions
route to airport 1,directions
route to airport 2,directions
way to hospital 3,directions
way to hospital 4,directions
directions to mall 0,directions
navigate to school 1,directions
route to airport 2,directions
navigate to school 3,directions
route to airport 4,directions
directions to mall 0,directions
navigate to school 1,directions
route to airport 2,directions
directions to mall 3,directions
navigate to school 4,directions
directions to mall 0,directions
way to hospital 1,directions
directions to mall 2,directions
navigate to school 3,directions
route to airport 4,directions
directions to mall 0,directions
route to airport 1,directions
directions to mall 2,directions
navigate to school 3,directions
navigate to school 4,directions
route to airport 0,directions
way to hospital 1,directions
way to hospital 2,directions
navigate to school 3,directions
navigate to school 4,directions
directions to mall 0,directions
directions to mall 1,directions
directions to mall 2,directions
navigate to school 3,directions
directions to mall 4,directions
navigate to school 0,directions
navigate to school 1,directions
way to hospital 2,directions
directions to mall 3,directions
directions to mall 4,directions
way to hospital 0,directions
way to hospital 1,directions
navigate to school 2,directions
navigate to school 3,directions
route to airport 4,directions
way to hospital 0,directions
navigate to school 1,directions
directions to mall 2,directions
navigate to school 3,directions
way to hospital 4,directions
route to airport 0,directions
directions to mall 1,directions
way to hospital 2,directions
route to airport 3,directions
route to airport 4,directions
route to airport 0,directions
navigate to school 1,directions
way to hospital 2,directions
route to airport 3,directions
way to hospital 4,directions
way to hospital 0,directions
way to hospital 1,directions
directions to mall 2,directions
navigate to school 3,directions
route to airport 4,directions
navigate to school 0,directions
directions to mall 1,directions
way to hospital 2,directions
way to hospital 3,directions
navigate to school 4,directions
directions to mall 0,directions
directions to mall 1,directions
route to airport 2,directions
route to airport 3,directions
directions to mall 4,directions
navigate to school 0,directions
navigate to school 1,directions
directions to mall 2,directions
navigate to school 3,directions
directions to mall 4,directions
navigate to school 0,directions
navigate to school 1,directions
route to airport 2,directions
navigate to school 3,directions
navigate to school 4,directions
navigate to school 0,directions
directions to mall 1,directions
route to airport 2,directions
directions to mall 3,directions
route to airport 4,directions
route to airport 0,directions
route to airport 1,directions
navigate to school 2,directions
route to airport 3,directions
navigate to school 4,directions
route to airport 0,directions
navigate to school 1,directions
way to hospital 2,directions
directions to mall 3,directions
directions to mall 4,directions
way to hospital 0,directions
navigate to school 1,directions
directions to mall 2,directions
route to airport 3,directions
directions to mall 4,directions
route to airport 0,directions
route to airport 1,directions
directions to mall 2,directions
way to hospital 3,directions
way to hospital 4,directions
buy eggs 0,shopping_list
put rice on list 1,shopping_list
add milk to shopping list 2,shopping_list
add bread 3,shopping_list
add bread 4,shopping_list
add milk to shopping list 0,shopping_list
buy eggs 1,shopping_list
put rice on list 2,shopping_list
add bread 3,shopping_list
put rice on list 4,shopping_list
add bread 0,shopping_list
put rice on list 1,shopping_list
add milk to shopping list 2,shopping_list
add bread 3,shopping_list
add bread 4,shopping_list
put rice on list 0,shopping_list
add bread 1,shopping_list
buy eggs 2,shopping_list
put rice on list 3,shopping_list
add milk to shopping list 4,shopping_list
buy eggs 0,shopping_list
put rice on list 1,shopping_list
put rice on list 2,shopping_list
add bread 3,shopping_list
put rice on list 4,shopping_list
add milk to shopping list 0,shopping_list
buy eggs 1,shopping_list
add milk to shopping list 2,shopping_list
put rice on list 3,shopping_list
put rice on list 4,shopping_list
add bread 0,shopping_list
add milk to shopping list 1,shopping_list
add bread 2,shopping_list
add milk to shopping list 3,shopping_list
buy eggs 4,shopping_list
add bread 0,shopping_list
put rice on list 1,shopping_list
add bread 2,shopping_list
buy eggs 3,shopping_list
buy eggs 4,shopping_list
put rice on list 0,shopping_list
buy eggs 1,shopping_list
put rice on list 2,shopping_list
add milk to shopping list 3,shopping_list
put rice on list 4,shopping_list
add milk to shopping list 0,shopping_list
add milk to shopping list 1,shopping_list
buy eggs 2,shopping_list
add bread 3,shopping_list
add milk to shopping list 4,shopping_list
put rice on list 0,shopping_list
buy eggs 1,shopping_list
put rice on list 2,shopping_list
put rice on list 3,shopping_list
add milk to shopping list 4,shopping_list
buy eggs 0,shopping_list
add milk to shopping list 1,shopping_list
buy eggs 2,shopping_list
put rice on list 3,shopping_list
buy eggs 4,shopping_list
add milk to shopping list 0,shopping_list
add bread 1,shopping_list
add milk to shopping list 2,shopping_list
add bread 3,shopping_list
put rice on list 4,shopping_list
add bread 0,shopping_list
buy eggs 1,shopping_list
add bread 2,shopping_list
add milk to shopping list 3,shopping_list
add milk to shopping list 4,shopping_list
buy eggs 0,shopping_list
add milk to shopping list 1,shopping_list
add milk to shopping list 2,shopping_list
add bread 3,shopping_list
buy eggs 4,shopping_list
add milk to shopping list 0,shopping_list
put rice on list 1,shopping_list
buy eggs 2,shopping_list
add milk to shopping list 3,shopping_list
put rice on list 4,shopping_list
add bread 0,shopping_list
add bread 1,shopping_list
buy eggs 2,shopping_list
put rice on list 3,shopping_list
put rice on list 4,shopping_list
buy eggs 0,shopping_list
add bread 1,shopping_list
put rice on list 2,shopping_list
buy eggs 3,shopping_list
add milk to shopping list 4,shopping_list
put rice on list 0,shopping_list
buy eggs 1,shopping_list
add bread 2,shopping_list
put rice on list 3,shopping_list
put rice on list 4,shopping_list
add milk to shopping list 0,shopping_list
add bread 1,shopping_list
add milk to shopping list 2,shopping_list
add milk to shopping list 3,shopping_list
put rice on list 4,shopping_list
put rice on list 0,shopping_list
add bread 1,shopping_list
add bread 2,shopping_list
buy eggs 3,shopping_list
put rice on list 4,shopping_list
buy eggs 0,shopping_list
add milk to shopping list 1,shopping_list
add bread 2,shopping_list
put rice on list 3,shopping_list
put rice on list 4,shopping_list
add milk to shopping list 0,shopping_list
add bread 1,shopping_list
add bread 2,shopping_list
add bread 3,shopping_list
buy eggs 4,shopping_list
add bread 0,shopping_list
put rice on list 1,shopping_list
put rice on list 2,shopping_list
add milk to shopping list 3,shopping_list
add milk to shopping list 4,shopping_list
add milk to shopping list 0,shopping_list
add milk to shopping list 1,shopping_list
buy eggs 2,shopping_list
put rice on list 3,shopping_list
put rice on list 4,shopping_list
put rice on list 0,shopping_list
add milk to shopping list 1,shopping_list
buy eggs 2,shopping_list
put rice on list 3,shopping_list
put rice on list 4,shopping_list
buy eggs 0,shopping_list
put rice on list 1,shopping_list
buy eggs 2,shopping_list
add bread 3,shopping_list
put rice on list 4,shopping_list
buy eggs 0,shopping_list
put rice on list 1,shopping_list
buy eggs 2,shopping_list
add milk to shopping list 3,shopping_list
add milk to shopping list 4,shopping_list
put rice on list 0,shopping_list
put rice on list 1,shopping_list
put rice on list 2,shopping_list
buy eggs 3,shopping_list
put rice on list 4,shopping_list
add bread 0,shopping_list
add bread 1,shopping_list
add bread 2,shopping_list
buy eggs 3,shopping_list
buy eggs 4,shopping_list
add milk to shopping list 0,shopping_list
buy eggs 1,shopping_list
put rice on list 2,shopping_list
add bread 3,shopping_list
buy eggs 4,shopping_list
put rice on list 0,shopping_list
put rice on list 1,shopping_list
add milk to shopping list 2,shopping_list
buy eggs 3,shopping_list
put rice on list 4,shopping_list
buy eggs 0,shopping_list
add milk to shopping list 1,shopping_list
buy eggs 2,shopping_list
put rice on list 3,shopping_list
add milk to shopping list 4,shopping_list
buy eggs 0,shopping_list
put rice on list 1,shopping_list
add bread 2,shopping_list
put rice on list 3,shopping_list
put rice on list 4,shopping_list
switch off fan 0,smart_home
turn off ac 1,smart_home
dim lights 2,smart_home
dim lights 3,smart_home
turn off ac 4,smart_home
switch off fan 0,smart_home
dim lights 1,smart_home
switch off fan 2,smart_home
turn on lights 3,smart_home
turn on lights 4,smart_home
turn on lights 0,smart_home
dim lights 1,smart_home
turn on lights 2,smart_home
dim lights 3,smart_home
turn off ac 4,smart_home
switch off fan 0,smart_home
dim lights 1,smart_home
dim lights 2,smart_home
dim lights 3,smart_home
turn off ac 4,smart_home
turn on lights 0,smart_home
dim lights 1,smart_home
turn off ac 2,smart_home
turn off ac 3,smart_home
turn on lights 4,smart_home
switch off fan 0,smart_home
switch off fan 1,smart_home
dim lights 2,smart_home
switch off fan 3,smart_home
turn on lights 4,smart_home
turn off ac 0,smart_home
switch off fan 1,smart_home
turn on lights 2,smart_home
turn on lights 3,smart_home
turn on lights 4,smart_home
dim lights 0,smart_home
turn off ac 1,smart_home
turn off ac 2,smart_home
turn on lights 3,smart_home
switch off fan 4,smart_home
turn off ac 0,smart_home
dim lights 1,smart_home
turn on lights 2,smart_home
turn off ac 3,smart_home
turn off ac 4,smart_home
turn on lights 0,smart_home
switch off fan 1,smart_home
turn off ac 2,smart_home
dim lights 3,smart_home
switch off fan 4,smart_home
turn off ac 0,smart_home
dim lights 1,smart_home
turn off ac 2,smart_home
turn off ac 3,smart_home
turn on lights 4,smart_home
dim lights 0,smart_home
turn on lights 1,smart_home
switch off fan 2,smart_home
switch off fan 3,smart_home
turn off ac 4,smart_home
switch off fan 0,smart_home
turn off ac 1,smart_home
turn on lights 2,smart_home
turn off ac 3,smart_home
turn on lights 4,smart_home
turn on lights 0,smart_home
dim lights 1,smart_home
turn off ac 2,smart_home
switch off fan 3,smart_home
turn off ac 4,smart_home
dim lights 0,smart_home
turn on lights 1,smart_home
dim lights 2,smart_home
switch off fan 3,smart_home
dim lights 4,smart_home
switch off fan 0,smart_home
switch off fan 1,smart_home
switch off fan 2,smart_home
dim lights 3,smart_home
dim lights 4,smart_home
dim lights 0,smart_home
dim lights 1,smart_home
switch off fan 2,smart_home
turn off ac 3,smart_home
switch off fan 4,smart_home
dim lights 0,smart_home
turn on lights 1,smart_home
switch off fan 2,smart_home
switch off fan 3,smart_home
turn off ac 4,smart_home
turn off ac 0,smart_home
dim lights 1,smart_home
dim lights 2,smart_home
turn on lights 3,smart_home
dim lights 4,smart_home
turn on lights 0,smart_home
switch off fan 1,smart_home
turn on lights 2,smart_home
switch off fan 3,smart_home
dim lights 4,smart_home
dim lights 0,smart_home
switch off fan 1,smart_home
turn off ac 2,smart_home
turn on lights 3,smart_home
turn on lights 4,smart_home
turn off ac 0,smart_home
turn off ac 1,smart_home
switch off fan 2,smart_home
turn off ac 3,smart_home
switch off fan 4,smart_home
turn off ac 0,smart_home
dim lights 1,smart_home
turn off ac 2,smart_home
switch off fan 3,smart_home
dim lights 4,smart_home
turn on lights 0,smart_home
turn on lights 1,smart_home
switch off fan 2,smart_home
turn off ac 3,smart_home
switch off fan 4,smart_home
turn off ac 0,smart_home
turn on lights 1,smart_home
switch off fan 2,smart_home
dim lights 3,smart_home
dim lights 4,smart_home
dim lights 0,smart_home
dim lights 1,smart_home
dim lights 2,smart_home
turn off ac 3,smart_home
turn on lights 4,smart_home
turn on lights 0,smart_home
dim lights 1,smart_home
turn off ac 2,smart_home
turn off ac 3,smart_home
turn on lights 4,smart_home
turn off ac 0,smart_home
switch off fan 1,smart_home
turn on lights 2,smart_home
turn off ac 3,smart_home
switch off fan 4,smart_home
turn on lights 0,smart_home
switch off fan 1,smart_home
dim lights 2,smart_home
dim lights 3,smart_home
dim lights 4,smart_home
turn off ac 0,smart_home
dim lights 1,smart_home
turn on lights 2,smart_home
switch off fan 3,smart_home
dim lights 4,smart_home
dim lights 0,smart_home
dim lights 1,smart_home
switch off fan 2,smart_home
switch off fan 3,smart_home
turn off ac 4,smart_home
switch off fan 0,smart_home
switch off fan 1,smart_home
switch off fan 2,smart_home
dim lights 3,smart_home
turn on lights 4,smart_home
switch off fan 0,smart_home
switch off fan 1,smart_home
dim lights 2,smart_home
dim lights 3,smart_home
switch off fan 4,smart_home
dim lights 0,smart_home
turn off ac 1,smart_home
turn on lights 2,smart_home
switch off fan 3,smart_home
turn on lights 4,smart_home
who are you 0,personality
who are you 1,personality
who are you 2,personality
tell about yourself 3,personality
tell about yourself 4,personality
who are you 0,personality
what can you do 1,personality
what can you do 2,personality
tell about yourself 3,personality
are you smart 4,personality
tell about yourself 0,personality
are you smart 1,personality
what can you do 2,personality
who are you 3,personality
tell about yourself 4,personality
are you smart 0,personality
what can you do 1,personality
tell about yourself 2,personality
tell about yourself 3,personality
what can you do 4,personality
are you smart 0,personality
what can you do 1,personality
tell about yourself 2,personality
tell about yourself 3,personality
are you smart 4,personality
who are you 0,personality
what can you do 1,personality
tell about yourself 2,personality
who are you 3,personality
tell about yourself 4,personality
what can you do 0,personality
who are you 1,personality
are you smart 2,personality
what can you do 3,personality
what can you do 4,personality
tell about yourself 0,personality
what can you do 1,personality
tell about yourself 2,personality
tell about yourself 3,personality
tell about yourself 4,personality
tell about yourself 0,personality
what can you do 1,personality
what can you do 2,personality
are you smart 3,personality
who are you 4,personality
who are you 0,personality
tell about yourself 1,personality
who are you 2,personality
tell about yourself 3,personality
what can you do 4,personality
tell about yourself 0,personality
are you smart 1,personality
tell about yourself 2,personality
who are you 3,personality
who are you 4,personality
are you smart 0,personality
what can you do 1,personality
are you smart 2,personality
tell about yourself 3,personality
tell about yourself 4,personality
who are you 0,personality
who are you 1,personality
tell about yourself 2,personality
tell about yourself 3,personality
who are you 4,personality
tell about yourself 0,personality
what can you do 1,personality
what can you do 2,personality
who are you 3,personality
are you smart 4,personality
are you smart 0,personality
are you smart 1,personality
who are you 2,personality
tell about yourself 3,personality
are you smart 4,personality
tell about yourself 0,personality
who are you 1,personality
tell about yourself 2,personality
tell about yourself 3,personality
are you smart 4,personality
tell about yourself 0,personality
are you smart 1,personality
what can you do 2,personality
tell about yourself 3,personality
tell about yourself 4,personality
are you smart 0,personality
what can you do 1,personality
what can you do 2,personality
what can you do 3,personality
who are you 4,personality
are you smart 0,personality
are you smart 1,personality
are you smart 2,personality
are you smart 3,personality
are you smart 4,personality
tell about yourself 0,personality
what can you do 1,personality
what can you do 2,personality
what can you do 3,personality
who are you 4,personality
who are you 0,personality
what can you do 1,personality
tell about yourself 2,personality
who are you 3,personality
what can you do 4,personality
what can you do 0,personality
tell about yourself 1,personality
are you smart 2,personality
tell about yourself 3,personality
what can you do 4,personality
what can you do 0,personality
tell about yourself 1,personality
who are you 2,personality
who are you 3,personality
are you smart 4,personality
who are you 0,personality
are you smart 1,personality
who are you 2,personality
who are you 3,personality
tell about yourself 4,personality
tell about yourself 0,personality
who are you 1,personality
are you smart 2,personality
who are you 3,personality
are you smart 4,personality
tell about yourself 0,personality
what can you do 1,personality
tell about yourself 2,personality
who are you 3,personality
who are you 4,personality
tell about yourself 0,personality
what can you do 1,personality
are you smart 2,personality
what can you do 3,personality
what can you do 4,personality
tell about yourself 0,personality
what can you do 1,personality
tell about yourself 2,personality
who are you 3,personality
who are you 4,personality
are you smart 0,personality
what can you do 1,personality
what can you do 2,personality
tell about yourself 3,personality
tell about yourself 4,personality
who are you 0,personality
who are you 1,personality
who are you 2,personality
tell about yourself 3,personality
who are you 4,personality
who are you 0,personality
are you smart 1,personality
tell about yourself 2,personality
what can you do 3,personality
tell about yourself 4,personality
are you smart 0,personality
what can you do 1,personality
who are you 2,personality
tell about yourself 3,personality
what can you do 4,personality
who are you 0,personality
tell about yourself 1,personality
what can you do 2,personality
what can you do 3,personality
are you smart 4,personality
what can you do 0,personality
tell about yourself 1,personality
what can you do 2,personality
what can you do 3,personality
what can you do 4,personality
calculate 5 plus 7 0,calculator
calculate 5 plus 7 1,calculator
calculate 5 plus 7 2,calculator
solve 9 times 8 3,calculator
calculate 5 plus 7 4,calculator
solve 9 times 8 0,calculator
add numbers 1,calculator
add numbers 2,calculator
12 divided by 4 3,calculator
add numbers 4,calculator
12 divided by 4 0,calculator
calculate 5 plus 7 1,calculator
add numbers 2,calculator
calculate 5 plus 7 3,calculator
add numbers 4,calculator
solve 9 times 8 0,calculator
12 divided by 4 1,calculator
solve 9 times 8 2,calculator
add numbers 3,calculator
solve 9 times 8 4,calculator
solve 9 times 8 0,calculator
add numbers 1,calculator
12 divided by 4 2,calculator
12 divided by 4 3,calculator
12 divided by 4 4,calculator
solve 9 times 8 0,calculator
12 divided by 4 1,calculator
calculate 5 plus 7 2,calculator
add numbers 3,calculator
calculate 5 plus 7 4,calculator
calculate 5 plus 7 0,calculator
add numbers 1,calculator
calculate 5 plus 7 2,calculator
12 divided by 4 3,calculator
12 divided by 4 4,calculator
add numbers 0,calculator
12 divided by 4 1,calculator
solve 9 times 8 2,calculator
calculate 5 plus 7 3,calculator
12 divided by 4 4,calculator
solve 9 times 8 0,calculator
solve 9 times 8 1,calculator
calculate 5 plus 7 2,calculator
calculate 5 plus 7 3,calculator
solve 9 times 8 4,calculator
12 divided by 4 0,calculator
calculate 5 plus 7 1,calculator
calculate 5 plus 7 2,calculator
12 divided by 4 3,calculator
solve 9 times 8 4,calculator
solve 9 times 8 0,calculator
calculate 5 plus 7 1,calculator
add numbers 2,calculator
12 divided by 4 3,calculator
add numbers 4,calculator
12 divided by 4 0,calculator
calculate 5 plus 7 1,calculator
solve 9 times 8 2,calculator
calculate 5 plus 7 3,calculator
solve 9 times 8 4,calculator
12 divided by 4 0,calculator
12 divided by 4 1,calculator
12 divided by 4 2,calculator
add numbers 3,calculator
add numbers 4,calculator
12 divided by 4 0,calculator
12 divided by 4 1,calculator
12 divided by 4 2,calculator
solve 9 times 8 3,calculator
calculate 5 plus 7 4,calculator
solve 9 times 8 0,calculator
calculate 5 plus 7 1,calculator
solve 9 times 8 2,calculator
solve 9 times 8 3,calculator
12 divided by 4 4,calculator
12 divided by 4 0,calculator
calculate 5 plus 7 1,calculator
calculate 5 plus 7 2,calculator
calculate 5 plus 7 3,calculator
12 divided by 4 4,calculator
calculate 5 plus 7 0,calculator
12 divided by 4 1,calculator
add numbers 2,calculator
add numbers 3,calculator
12 divided by 4 4,calculator
12 divided by 4 0,calculator
12 divided by 4 1,calculator
add numbers 2,calculator
add numbers 3,calculator
add numbers 4,calculator
calculate 5 plus 7 0,calculator
12 divided by 4 1,calculator
solve 9 times 8 2,calculator
12 divided by 4 3,calculator
add numbers 4,calculator
solve 9 times 8 0,calculator
calculate 5 plus 7 1,calculator
add numbers 2,calculator
solve 9 times 8 3,calculator
calculate 5 plus 7 4,calculator
12 divided by 4 0,calculator
12 divided by 4 1,calculator
add numbers 2,calculator
calculate 5 plus 7 3,calculator
12 divided by 4 4,calculator
solve 9 times 8 0,calculator
solve 9 times 8 1,calculator
add numbers 2,calculator
add numbers 3,calculator
add numbers 4,calculator
12 divided by 4 0,calculator
12 divided by 4 1,calculator
add numbers 2,calculator
add numbers 3,calculator
12 divided by 4 4,calculator
add numbers 0,calculator
12 divided by 4 1,calculator
12 divided by 4 2,calculator
add numbers 3,calculator
calculate 5 plus 7 4,calculator
add numbers 0,calculator
solve 9 times 8 1,calculator
calculate 5 plus 7 2,calculator
solve 9 times 8 3,calculator
12 divided by 4 4,calculator
add numbers 0,calculator
calculate 5 plus 7 1,calculator
solve 9 times 8 2,calculator
solve 9 times 8 3,calculator
12 divided by 4 4,calculator
calculate 5 plus 7 0,calculator
solve 9 times 8 1,calculator
solve 9 times 8 2,calculator
calculate 5 plus 7 3,calculator
12 divided by 4 4,calculator
calculate 5 plus 7 0,calculator
solve 9 times 8 1,calculator
solve 9 times 8 2,calculator
add numbers 3,calculator
12 divided by 4 4,calculator
add numbers 0,calculator
add numbers 1,calculator
solve 9 times 8 2,calculator
solve 9 times 8 3,calculator
calculate 5 plus 7 4,calculator
solve 9 times 8 0,calculator
calculate 5 plus 7 1,calculator
solve 9 times 8 2,calculator
calculate 5 plus 7 3,calculator
12 divided by 4 4,calculator
calculate 5 plus 7 0,calculator
add numbers 1,calculator
add numbers 2,calculator
12 divided by 4 3,calculator
12 divided by 4 4,calculator
add numbers 0,calculator
add numbers 1,calculator
solve 9 times 8 2,calculator
12 divided by 4 3,calculator
12 divided by 4 4,calculator
solve 9 times 8 0,calculator
calculate 5 plus 7 1,calculator
solve 9 times 8 2,calculator
solve 9 times 8 3,calculator
calculate 5 plus 7 4,calculator
add numbers 0,calculator
add numbers 1,calculator
solve 9 times 8 2,calculator
calculate 5 plus 7 3,calculator
calculate 5 plus 7 4,calculator
start fm 0,play_radio
start fm 1,play_radio
tune to station 2,play_radio
start fm 3,play_radio
start fm 4,play_radio
start fm 0,play_radio
tune to station 1,play_radio
radio please 2,play_radio
radio please 3,play_radio
tune to station 4,play_radio
tune to station 0,play_radio
start fm 1,play_radio
tune to station 2,play_radio
radio please 3,play_radio
play radio 4,play_radio
play radio 0,play_radio
play radio 1,play_radio
radio please 2,play_radio
tune to station 3,play_radio
radio please 4,play_radio
tune to station 0,play_radio
play radio 1,play_radio
radio please 2,play_radio
start fm 3,play_radio
play radio 4,play_radio
radio please 0,play_radio
start fm 1,play_radio
start fm 2,play_radio
tune to station 3,play_radio
tune to station 4,play_radio
radio please 0,play_radio
radio please 1,play_radio
play radio 2,play_radio
radio please 3,play_radio
play radio 4,play_radio
tune to station 0,play_radio
radio please 1,play_radio
radio please 2,play_radio
tune to station 3,play_radio
start fm 4,play_radio
start fm 0,play_radio
tune to station 1,play_radio
radio please 2,play_radio
play radio 3,play_radio
play radio 4,play_radio
start fm 0,play_radio
play radio 1,play_radio
tune to station 2,play_radio
tune to station 3,play_radio
tune to station 4,play_radio
start fm 0,play_radio
tune to station 1,play_radio
play radio 2,play_radio
play radio 3,play_radio
start fm 4,play_radio
tune to station 0,play_radio
start fm 1,play_radio
start fm 2,play_radio
start fm 3,play_radio
play radio 4,play_radio
tune to station 0,play_radio
tune to station 1,play_radio
tune to station 2,play_radio
start fm 3,play_radio
radio please 4,play_radio
tune to station 0,play_radio
tune to station 1,play_radio
tune to station 2,play_radio
play radio 3,play_radio
start fm 4,play_radio
start fm 0,play_radio
play radio 1,play_radio
tune to station 2,play_radio
radio please 3,play_radio
tune to station 4,play_radio
tune to station 0,play_radio
start fm 1,play_radio
tune to station 2,play_radio
radio please 3,play_radio
radio please 4,play_radio
tune to station 0,play_radio
play radio 1,play_radio
tune to station 2,play_radio
tune to station 3,play_radio
start fm 4,play_radio
tune to station 0,play_radio
play radio 1,play_radio
tune to station 2,play_radio
start fm 3,play_radio
tune to station 4,play_radio
radio please 0,play_radio
start fm 1,play_radio
tune to station 2,play_radio
radio please 3,play_radio
tune to station 4,play_radio
play radio 0,play_radio
play radio 1,play_radio
play radio 2,play_radio
start fm 3,play_radio
radio please 4,play_radio
start fm 0,play_radio
radio please 1,play_radio
radio please 2,play_radio
play radio 3,play_radio
play radio 4,play_radio
start fm 0,play_radio
tune to station 1,play_radio
radio please 2,play_radio
radio please 3,play_radio
play radio 4,play_radio
tune to station 0,play_radio
start fm 1,play_radio
start fm 2,play_radio
start fm 3,play_radio
radio please 4,play_radio
tune to station 0,play_radio
start fm 1,play_radio
radio please 2,play_radio
tune to station 3,play_radio
radio please 4,play_radio
play radio 0,play_radio
play radio 1,play_radio
radio please 2,play_radio
radio please 3,play_radio
tune to station 4,play_radio
radio please 0,play_radio
radio please 1,play_radio
radio please 2,play_radio
play radio 3,play_radio
radio please 4,play_radio
start fm 0,play_radio
start fm 1,play_radio
start fm 2,play_radio
radio please 3,play_radio
tune to station 4,play_radio
radio please 0,play_radio
start fm 1,play_radio
tune to station 2,play_radio
tune to station 3,play_radio
play radio 4,play_radio
play radio 0,play_radio
play radio 1,play_radio
tune to station 2,play_radio
play radio 3,play_radio
radio please 4,play_radio
radio please 0,play_radio
radio please 1,play_radio
radio please 2,play_radio
start fm 3,play_radio
play radio 4,play_radio
play radio 0,play_radio
start fm 1,play_radio
start fm 2,play_radio
tune to station 3,play_radio
start fm 4,play_radio
tune to station 0,play_radio
play radio 1,play_radio
play radio 2,play_radio
tune to station 3,play_radio
play radio 4,play_radio
start fm 0,play_radio
start fm 1,play_radio
start fm 2,play_radio
radio please 3,play_radio
radio please 4,play_radio
start fm 0,play_radio
radio please 1,play_radio
radio please 2,play_radio
play radio 3,play_radio
tune to station 4,play_radio
run evening routine 0,routine
night routine 1,routine
run evening routine 2,routine
night routine 3,routine
start routine 4,routine
night routine 0,routine
morning routine 1,routine
run evening routine 2,routine
start routine 3,routine
night routine 4,routine
morning routine 0,routine
night routine 1,routine
night routine 2,routine
morning routine 3,routine
start routine 4,routine
run evening routine 0,routine
morning routine 1,routine
start routine 2,routine
morning routine 3,routine
night routine 4,routine
night routine 0,routine
run evening routine 1,routine
run evening routine 2,routine
night routine 3,routine
night routine 4,routine
start routine 0,routine
morning routine 1,routine
start routine 2,routine
morning routine 3,routine
run evening routine 4,routine
morning routine 0,routine
start routine 1,routine
start routine 2,routine
start routine 3,routine
start routine 4,routine
start routine 0,routine
night routine 1,routine
morning routine 2,routine
night routine 3,routine
start routine 4,routine
night routine 0,routine
morning routine 1,routine
run evening routine 2,routine
start routine 3,routine
start routine 4,routine
morning routine 0,routine
night routine 1,routine
morning routine 2,routine
run evening routine 3,routine
start routine 4,routine
start routine 0,routine
morning routine 1,routine
start routine 2,routine
run evening routine 3,routine
night routine 4,routine
night routine 0,routine
run evening routine 1,routine
run evening routine 2,routine
night routine 3,routine
morning routine 4,routine
night routine 0,routine
morning routine 1,routine
start routine 2,routine
morning routine 3,routine
night routine 4,routine
night routine 0,routine
night routine 1,routine
morning routine 2,routine
run evening routine 3,routine
run evening routine 4,routine
run evening routine 0,routine
start routine 1,routine
night routine 2,routine
morning routine 3,routine
morning routine 4,routine
start routine 0,routine
run evening routine 1,routine
run evening routine 2,routine
night routine 3,routine
night routine 4,routine
run evening routine 0,routine
morning routine 1,routine
night routine 2,routine
run evening routine 3,routine
night routine 4,routine
start routine 0,routine
start routine 1,routine
start routine 2,routine
night routine 3,routine
morning routine 4,routine
night routine 0,routine
night routine 1,routine
start routine 2,routine
run evening routine 3,routine
morning routine 4,routine
night routine 0,routine
start routine 1,routine
night routine 2,routine
run evening routine 3,routine
night routine 4,routine
run evening routine 0,routine
start routine 1,routine
morning routine 2,routine
morning routine 3,routine
morning routine 4,routine
night routine 0,routine
morning routine 1,routine
morning routine 2,routine
start routine 3,routine
start routine 4,routine
start routine 0,routine
start routine 1,routine
run evening routine 2,routine
morning routine 3,routine
start routine 4,routine
run evening routine 0,routine
morning routine 1,routine
run evening routine 2,routine
morning routine 3,routine
night routine 4,routine
morning routine 0,routine
morning routine 1,routine
morning routine 2,routine
run evening routine 3,routine
run evening routine 4,routine
morning routine 0,routine
morning routine 1,routine
start routine 2,routine
morning routine 3,routine
run evening routine 4,routine
run evening routine 0,routine
start routine 1,routine
run evening routine 2,routine
start routine 3,routine
start routine 4,routine
run evening routine 0,routine
morning routine 1,routine
start routine 2,routine
run evening routine 3,routine
night routine 4,routine
start routine 0,routine
morning routine 1,routine
night routine 2,routine
night routine 3,routine
morning routine 4,routine
run evening routine 0,routine
start routine 1,routine
night routine 2,routine
night routine 3,routine
morning routine 4,routine
run evening routine 0,routine
run evening routine 1,routine
start routine 2,routine
start routine 3,routine
night routine 4,routine
night routine 0,routine
night routine 1,routine
start routine 2,routine
night routine 3,routine
run evening routine 4,routine
morning routine 0,routine
morning routine 1,routine
run evening routine 2,routine
morning routine 3,routine
run evening routine 4,routine
run evening routine 0,routine
start routine 1,routine
night routine 2,routine
night routine 3,routine
start routine 4,routine
add task 0,todo_task
new to do 1,todo_task
task for today 2,todo_task
remember homework 3,todo_task
task for today 4,todo_task
new to do 0,todo_task
new to do 1,todo_task
remember homework 2,todo_task
remember homework 3,todo_task
new to do 4,todo_task
add task 0,todo_task
task for today 1,todo_task
task for today 2,todo_task
add task 3,todo_task
task for today 4,todo_task
new to do 0,todo_task
new to do 1,todo_task
add task 2,todo_task
new to do 3,todo_task
task for today 4,todo_task
new to do 0,todo_task
add task 1,todo_task
add task 2,todo_task
task for today 3,todo_task
new to do 4,todo_task
add task 0,todo_task
add task 1,todo_task
task for today 2,todo_task
new to do 3,todo_task
add task 4,todo_task
task for today 0,todo_task
remember homework 1,todo_task
add task 2,todo_task
task for today 3,todo_task
remember homework 4,todo_task
task for today 0,todo_task
new to do 1,todo_task
add task 2,todo_task
add task 3,todo_task
add task 4,todo_task
add task 0,todo_task
new to do 1,todo_task
task for today 2,todo_task
task for today 3,todo_task
remember homework 4,todo_task
new to do 0,todo_task
remember homework 1,todo_task
remember homework 2,todo_task
remember homework 3,todo_task
remember homework 4,todo_task
task for today 0,todo_task
remember homework 1,todo_task
remember homework 2,todo_task
new to do 3,todo_task
add task 4,todo_task
new to do 0,todo_task
new to do 1,todo_task
task for today 2,todo_task
new to do 3,todo_task
new to do 4,todo_task
add task 0,todo_task
remember homework 1,todo_task
task for today 2,todo_task
task for today 3,todo_task
new to do 4,todo_task
task for today 0,todo_task
remember homework 1,todo_task
add task 2,todo_task
task for today 3,todo_task
task for today 4,todo_task
add task 0,todo_task
new to do 1,todo_task
remember homework 2,todo_task
task for today 3,todo_task
new to do 4,todo_task
remember homework 0,todo_task
add task 1,todo_task
new to do 2,todo_task
remember homework 3,todo_task
remember homework 4,todo_task
remember homework 0,todo_task
task for today 1,todo_task
new to do 2,todo_task
remember homework 3,todo_task
new to do 4,todo_task
remember homework 0,todo_task
remember homework 1,todo_task
new to do 2,todo_task
remember homework 3,todo_task
add task 4,todo_task
new to do 0,todo_task
remember homework 1,todo_task
new to do 2,todo_task
remember homework 3,todo_task
add task 4,todo_task
task for today 0,todo_task
remember homework 1,todo_task
remember homework 2,todo_task
task for today 3,todo_task
remember homework 4,todo_task
add task 0,todo_task
new to do 1,todo_task
task for today 2,todo_task
task for today 3,todo_task
task for today 4,todo_task
add task 0,todo_task
add task 1,todo_task
new to do 2,todo_task
add task 3,todo_task
add task 4,todo_task
new to do 0,todo_task
task for today 1,todo_task
new to do 2,todo_task
task for today 3,todo_task
new to do 4,todo_task
new to do 0,todo_task
task for today 1,todo_task
new to do 2,todo_task
new to do 3,todo_task
remember homework 4,todo_task
new to do 0,todo_task
remember homework 1,todo_task
new to do 2,todo_task
task for today 3,todo_task
remember homework 4,todo_task
add task 0,todo_task
new to do 1,todo_task
add task 2,todo_task
remember homework 3,todo_task
add task 4,todo_task
add task 0,todo_task
add task 1,todo_task
add task 2,todo_task
task for today 3,todo_task
new to do 4,todo_task
task for today 0,todo_task
add task 1,todo_task
remember homework 2,todo_task
task for today 3,todo_task
new to do 4,todo_task
task for today 0,todo_task
remember homework 1,todo_task
add task 2,todo_task
add task 3,todo_task
task for today 4,todo_task
remember homework 0,todo_task
task for today 1,todo_task
new to do 2,todo_task
new to do 3,todo_task
add task 4,todo_task
remember homework 0,todo_task
task for today 1,todo_task
remember homework 2,todo_task
new to do 3,todo_task
new to do 4,todo_task
new to do 0,todo_task
new to do 1,todo_task
task for today 2,todo_task
remember homework 3,todo_task
task for today 4,todo_task
remember homework 0,todo_task
task for today 1,todo_task
new to do 2,todo_task
add task 3,todo_task
add task 4,todo_task
new to do 0,todo_task
add task 1,todo_task
remember homework 2,todo_task
remember homework 3,todo_task
remember homework 4,todo_task
meters to feet 0,unit_conversion
convert miles to km 1,unit_conversion
meters to feet 2,unit_conversion
meters to feet 3,unit_conversion
meters to feet 4,unit_conversion
celsius to fahrenheit 0,unit_conversion
grams in kg 1,unit_conversion
meters to feet 2,unit_conversion
celsius to fahrenheit 3,unit_conversion
grams in kg 4,unit_conversion
grams in kg 0,unit_conversion
convert miles to km 1,unit_conversion
grams in kg 2,unit_conversion
grams in kg 3,unit_conversion
meters to feet 4,unit_conversion
celsius to fahrenheit 0,unit_conversion
grams in kg 1,unit_conversion
grams in kg 2,unit_conversion
meters to feet 3,unit_conversion
celsius to fahrenheit 4,unit_conversion
grams in kg 0,unit_conversion
meters to feet 1,unit_conversion
convert miles to km 2,unit_conversion
grams in kg 3,unit_conversion
grams in kg 4,unit_conversion
meters to feet 0,unit_conversion
convert miles to km 1,unit_conversion
celsius to fahrenheit 2,unit_conversion
convert miles to km 3,unit_conversion
grams in kg 4,unit_conversion
grams in kg 0,unit_conversion
convert miles to km 1,unit_conversion
grams in kg 2,unit_conversion
celsius to fahrenheit 3,unit_conversion
grams in kg 4,unit_conversion
convert miles to km 0,unit_conversion
convert miles to km 1,unit_conversion
grams in kg 2,unit_conversion
meters to feet 3,unit_conversion
grams in kg 4,unit_conversion
grams in kg 0,unit_conversion
convert miles to km 1,unit_conversion
convert miles to km 2,unit_conversion
meters to feet 3,unit_conversion
grams in kg 4,unit_conversion
meters to feet 0,unit_conversion
convert miles to km 1,unit_conversion
convert miles to km 2,unit_conversion
celsius to fahrenheit 3,unit_conversion
grams in kg 4,unit_conversion
meters to feet 0,unit_conversion
meters to feet 1,unit_conversion
celsius to fahrenheit 2,unit_conversion
convert miles to km 3,unit_conversion
grams in kg 4,unit_conversion
grams in kg 0,unit_conversion
grams in kg 1,unit_conversion
meters to feet 2,unit_conversion
convert miles to km 3,unit_conversion
convert miles to km 4,unit_conversion
celsius to fahrenheit 0,unit_conversion
celsius to fahrenheit 1,unit_conversion
meters to feet 2,unit_conversion
grams in kg 3,unit_conversion
meters to feet 4,unit_conversion
celsius to fahrenheit 0,unit_conversion
grams in kg 1,unit_conversion
meters to feet 2,unit_conversion
celsius to fahrenheit 3,unit_conversion
meters to feet 4,unit_conversion
convert miles to km 0,unit_conversion
convert miles to km 1,unit_conversion
grams in kg 2,unit_conversion
celsius to fahrenheit 3,unit_conversion
grams in kg 4,unit_conversion
meters to feet 0,unit_conversion
grams in kg 1,unit_conversion
celsius to fahrenheit 2,unit_conversion
grams in kg 3,unit_conversion
grams in kg 4,unit_conversion
meters to feet 0,unit_conversion
grams in kg 1,unit_conversion
grams in kg 2,unit_conversion
grams in kg 3,unit_conversion
celsius to fahrenheit 4,unit_conversion
celsius to fahrenheit 0,unit_conversion
meters to feet 1,unit_conversion
meters to feet 2,unit_conversion
convert miles to km 3,unit_conversion
convert miles to km 4,unit_conversion
celsius to fahrenheit 0,unit_conversion
grams in kg 1,unit_conversion
convert miles to km 2,unit_conversion
convert miles to km 3,unit_conversion
convert miles to km 4,unit_conversion
meters to feet 0,unit_conversion
grams in kg 1,unit_conversion
celsius to fahrenheit 2,unit_conversion
celsius to fahrenheit 3,unit_conversion
meters to feet 4,unit_conversion
convert miles to km 0,unit_conversion
grams in kg 1,unit_conversion
convert miles to km 2,unit_conversion
grams in kg 3,unit_conversion
grams in kg 4,unit_conversion
convert miles to km 0,unit_conversion
meters to feet 1,unit_conversion
celsius to fahrenheit 2,unit_conversion
celsius to fahrenheit 3,unit_conversion
grams in kg 4,unit_conversion
celsius to fahrenheit 0,unit_conversion
celsius to fahrenheit 1,unit_conversion
celsius to fahrenheit 2,unit_conversion
grams in kg 3,unit_conversion
convert miles to km 4,unit_conversion
grams in kg 0,unit_conversion
convert miles to km 1,unit_conversion
convert miles to km 2,unit_conversion
celsius to fahrenheit 3,unit_conversion
grams in kg 4,unit_conversion
celsius to fahrenheit 0,unit_conversion
meters to feet 1,unit_conversion
celsius to fahrenheit 2,unit_conversion
celsius to fahrenheit 3,unit_conversion
meters to feet 4,unit_conversion
celsius to fahrenheit 0,unit_conversion
celsius to fahrenheit 1,unit_conversion
convert miles to km 2,unit_conversion
grams in kg 3,unit_conversion
celsius to fahrenheit 4,unit_conversion
meters to feet 0,unit_conversion
celsius to fahrenheit 1,unit_conversion
convert miles to km 2,unit_conversion
convert miles to km 3,unit_conversion
convert miles to km 4,unit_conversion
convert miles to km 0,unit_conversion
meters to feet 1,unit_conversion
grams in kg 2,unit_conversion
convert miles to km 3,unit_conversion
meters to feet 4,unit_conversion
celsius to fahrenheit 0,unit_conversion
celsius to fahrenheit 1,unit_conversion
celsius to fahrenheit 2,unit_conversion
meters to feet 3,unit_conversion
celsius to fahrenheit 4,unit_conversion
celsius to fahrenheit 0,unit_conversion
meters to feet 1,unit_conversion
grams in kg 2,unit_conversion
convert miles to km 3,unit_conversion
celsius to fahrenheit 4,unit_conversion
meters to feet 0,unit_conversion
celsius to fahrenheit 1,unit_conversion
meters to feet 2,unit_conversion
meters to feet 3,unit_conversion
celsius to fahrenheit 4,unit_conversion
meters to feet 0,unit_conversion
meters to feet 1,unit_conversion
convert miles to km 2,unit_conversion
convert miles to km 3,unit_conversion
celsius to fahrenheit 4,unit_conversion
convert miles to km 0,unit_conversion
celsius to fahrenheit 1,unit_conversion
meters to feet 2,unit_conversion
grams in kg 3,unit_conversion
meters to feet 4,unit_conversion
convert miles to km 0,unit_conversion
celsius to fahrenheit 1,unit_conversion
grams in kg 2,unit_conversion
grams in kg 3,unit_conversion
celsius to fahrenheit 4,unit_conversion
english to french 0,translation
translate hello to spanish 1,translation
translate hello to spanish 2,translation
translate hello to spanish 3,translation
english to french 4,translation
say hi in german 0,translation
translate hello to spanish 1,translation
say hi in german 2,translation
english to french 3,translation
translate thank you 4,translation
translate thank you 0,translation
english to french 1,translation
translate thank you 2,translation
say hi in german 3,translation
translate thank you 4,translation
translate thank you 0,translation
translate thank you 1,translation
english to french 2,translation
say hi in german 3,translation
english to french 4,translation
translate thank you 0,translation
english to french 1,translation
english to french 2,translation
translate hello to spanish 3,translation
translate thank you 4,translation
translate thank you 0,translation
say hi in german 1,translation
english to french 2,translation
say hi in german 3,translation
translate hello to spanish 4,translation
say hi in german 0,translation
translate thank you 1,translation
say hi in german 2,translation
translate hello to spanish 3,translation
say hi in german 4,translation
translate thank you 0,translation
translate thank you 1,translation
english to french 2,translation
say hi in german 3,translation
translate hello to spanish 4,translation
english to french 0,translation
translate hello to spanish 1,translation
translate thank you 2,translation
translate thank you 3,translation
english to french 4,translation
translate thank you 0,translation
say hi in german 1,translation
say hi in german 2,translation
translate hello to spanish 3,translation
translate thank you 4,translation
translate hello to spanish 0,translation
translate thank you 1,translation
translate thank you 2,translation
translate thank you 3,translation
translate hello to spanish 4,translation
english to french 0,translation
say hi in german 1,translation
translate thank you 2,translation
english to french 3,translation
english to french 4,translation
say hi in german 0,translation
say hi in german 1,translation
english to french 2,translation
translate hello to spanish 3,translation
translate thank you 4,translation
say hi in german 0,translation
translate thank you 1,translation
translate hello to spanish 2,translation
say hi in german 3,translation
translate hello to spanish 4,translation
translate hello to spanish 0,translation
translate thank you 1,translation
translate hello to spanish 2,translation
translate thank you 3,translation
translate thank you 4,translation
translate thank you 0,translation
english to french 1,translation
translate hello to spanish 2,translation
say hi in german 3,translation
english to french 4,translation
english to french 0,translation
translate hello to spanish 1,translation
english to french 2,translation
translate hello to spanish 3,translation
english to french 4,translation
say hi in german 0,translation
say hi in german 1,translation
english to french 2,translation
translate thank you 3,translation
english to french 4,translation
translate hello to spanish 0,translation
say hi in german 1,translation
translate thank you 2,translation
translate thank you 3,translation
translate thank you 4,translation
english to french 0,translation
say hi in german 1,translation
english to french 2,translation
translate hello to spanish 3,translation
translate hello to spanish 4,translation
say hi in german 0,translation
say hi in german 1,translation
translate thank you 2,translation
say hi in german 3,translation
english to french 4,translation
translate hello to spanish 0,translation
translate hello to spanish 1,translation
translate thank you 2,translation
translate hello to spanish 3,translation
say hi in german 4,translation
translate thank you 0,translation
say hi in german 1,translation
english to french 2,translation
translate thank you 3,translation
translate thank you 4,translation
translate hello to spanish 0,translation
say hi in german 1,translation
say hi in german 2,translation
translate hello to spanish 3,translation
translate thank you 4,translation
say hi in german 0,translation
say hi in german 1,translation
say hi in german 2,translation
translate thank you 3,translation
say hi in german 4,translation
english to french 0,translation
english to french 1,translation
translate hello to spanish 2,translation
translate hello to spanish 3,translation
translate hello to spanish 4,translation
translate thank you 0,translation
say hi in german 1,translation
english to french 2,translation
english to french 3,translation
translate thank you 4,translation
english to french 0,translation
english to french 1,translation
say hi in german 2,translation
say hi in german 3,translation
say hi in german 4,translation
translate hello to spanish 0,translation
translate hello to spanish 1,translation
translate thank you 2,translation
translate thank you 3,translation
say hi in german 4,translation
english to french 0,translation
english to french 1,translation
say hi in german 2,translation
english to french 3,translation
say hi in german 4,translation
translate thank you 0,translation
english to french 1,translation
english to french 2,translation
english to french 3,translation
english to french 4,translation
english to french 0,translation
translate thank you 1,translation
say hi in german 2,translation
say hi in german 3,translation
english to french 4,translation
translate thank you 0,translation
translate hello to spanish 1,translation
translate thank you 2,translation
english to french 3,translation
english to french 4,translation
english to french 0,translation
translate hello to spanish 1,translation
translate thank you 2,translation
say hi in german 3,translation
translate hello to spanish 4,translation
meaning of algorithm 0,dictionary
define gravity 1,dictionary
define neural network 2,dictionary
meaning of algorithm 3,dictionary
define gravity 4,dictionary
meaning of algorithm 0,dictionary
word meaning 1,dictionary
define neural network 2,dictionary
meaning of algorithm 3,dictionary
define neural network 4,dictionary
meaning of algorithm 0,dictionary
meaning of algorithm 1,dictionary
define gravity 2,dictionary
define neural network 3,dictionary
word meaning 4,dictionary
word meaning 0,dictionary
meaning of algorithm 1,dictionary
word meaning 2,dictionary
define neural network 3,dictionary
word meaning 4,dictionary
define gravity 0,dictionary
define neural network 1,dictionary
define neural network 2,dictionary
define neural network 3,dictionary
define neural network 4,dictionary
define neural network 0,dictionary
meaning of algorithm 1,dictionary
meaning of algorithm 2,dictionary
meaning of algorithm 3,dictionary
define neural network 4,dictionary
word meaning 0,dictionary
word meaning 1,dictionary
meaning of algorithm 2,dictionary
define neural network 3,dictionary
define neural network 4,dictionary
define gravity 0,dictionary
word meaning 1,dictionary
word meaning 2,dictionary
meaning of algorithm 3,dictionary
define neural network 4,dictionary
define neural network 0,dictionary
meaning of algorithm 1,dictionary
define gravity 2,dictionary
meaning of algorithm 3,dictionary
define neural network 4,dictionary
define gravity 0,dictionary
word meaning 1,dictionary
word meaning 2,dictionary
word meaning 3,dictionary
define neural network 4,dictionary
meaning of algorithm 0,dictionary
define neural network 1,dictionary
meaning of algorithm 2,dictionary
define neural network 3,dictionary
word meaning 4,dictionary
word meaning 0,dictionary
define gravity 1,dictionary
word meaning 2,dictionary
word meaning 3,dictionary
define neural network 4,dictionary
define neural network 0,dictionary
define neural network 1,dictionary
define neural network 2,dictionary
word meaning 3,dictionary
define neural network 4,dictionary
define gravity 0,dictionary
define gravity 1,dictionary
word meaning 2,dictionary
define gravity 3,dictionary
define neural network 4,dictionary
meaning of algorithm 0,dictionary
define neural network 1,dictionary
define gravity 2,dictionary
define gravity 3,dictionary
define gravity 4,dictionary
word meaning 0,dictionary
define gravity 1,dictionary
meaning of algorithm 2,dictionary
define gravity 3,dictionary
define neural network 4,dictionary
define gravity 0,dictionary
word meaning 1,dictionary
define neural network 2,dictionary
define gravity 3,dictionary
word meaning 4,dictionary
meaning of algorithm 0,dictionary
word meaning 1,dictionary
word meaning 2,dictionary
meaning of algorithm 3,dictionary
word meaning 4,dictionary
define gravity 0,dictionary
define neural network 1,dictionary
word meaning 2,dictionary
meaning of algorithm 3,dictionary
define neural network 4,dictionary
define gravity 0,dictionary
meaning of algorithm 1,dictionary
define neural network 2,dictionary
define neural network 3,dictionary
define gravity 4,dictionary
meaning of algorithm 0,dictionary
meaning of algorithm 1,dictionary
meaning of algorithm 2,dictionary
define neural network 3,dictionary
define gravity 4,dictionary
meaning of algorithm 0,dictionary
meaning of algorithm 1,dictionary
define neural network 2,dictionary
define neural network 3,dictionary
meaning of algorithm 4,dictionary
meaning of algorithm 0,dictionary
word meaning 1,dictionary
word meaning 2,dictionary
define gravity 3,dictionary
meaning of algorithm 4,dictionary
define neural network 0,dictionary
meaning of algorithm 1,dictionary
meaning of algorithm 2,dictionary
define neural network 3,dictionary
define neural network 4,dictionary
word meaning 0,dictionary
meaning of algorithm 1,dictionary
define gravity 2,dictionary
define neural network 3,dictionary
define gravity 4,dictionary
word meaning 0,dictionary
word meaning 1,dictionary
meaning of algorithm 2,dictionary
word meaning 3,dictionary
define neural network 4,dictionary
define gravity 0,dictionary
define gravity 1,dictionary
define gravity 2,dictionary
meaning of algorithm 3,dictionary
word meaning 4,dictionary
define neural network 0,dictionary
word meaning 1,dictionary
meaning of algorithm 2,dictionary
define neural network 3,dictionary
word meaning 4,dictionary
meaning of algorithm 0,dictionary
define neural network 1,dictionary
meaning of algorithm 2,dictionary
define neural network 3,dictionary
define gravity 4,dictionary
define gravity 0,dictionary
define neural network 1,dictionary
define gravity 2,dictionary
word meaning 3,dictionary
define gravity 4,dictionary
define neural network 0,dictionary
define gravity 1,dictionary
define neural network 2,dictionary
word meaning 3,dictionary
word meaning 4,dictionary
word meaning 0,dictionary
word meaning 1,dictionary
word meaning 2,dictionary
define neural network 3,dictionary
word meaning 4,dictionary
meaning of algorithm 0,dictionary
meaning of algorithm 1,dictionary
meaning of algorithm 2,dictionary
define gravity 3,dictionary
word meaning 4,dictionary
word meaning 0,dictionary
meaning of algorithm 1,dictionary
define gravity 2,dictionary
meaning of algorithm 3,dictionary
define gravity 4,dictionary
play podcast 0,podcast_audiobook
start audiobook 1,podcast_audiobook
resume audiobook 2,podcast_audiobook
start audiobook 3,podcast_audiobook
resume audiobook 4,podcast_audiobook
play podcast 0,podcast_audiobook
continue podcast 1,podcast_audiobook
play podcast 2,podcast_audiobook
continue podcast 3,podcast_audiobook
play podcast 4,podcast_audiobook
continue podcast 0,podcast_audiobook
resume audiobook 1,podcast_audiobook
resume audiobook 2,podcast_audiobook
start audiobook 3,podcast_audiobook
resume audiobook 4,podcast_audiobook
resume audiobook 0,podcast_audiobook
resume audiobook 1,podcast_audiobook
continue podcast 2,podcast_audiobook
resume audiobook 3,podcast_audiobook
play podcast 4,podcast_audiobook
resume audiobook 0,podcast_audiobook
play podcast 1,podcast_audiobook
start audiobook 2,podcast_audiobook
resume audiobook 3,podcast_audiobook
start audiobook 4,podcast_audiobook
resume audiobook 0,podcast_audiobook
resume audiobook 1,podcast_audiobook
play podcast 2,podcast_audiobook
play podcast 3,podcast_audiobook
start audiobook 4,podcast_audiobook
start audiobook 0,podcast_audiobook
resume audiobook 1,podcast_audiobook
play podcast 2,podcast_audiobook
resume audiobook 3,podcast_audiobook
resume audiobook 4,podcast_audiobook
resume audiobook 0,podcast_audiobook
play podcast 1,podcast_audiobook
continue podcast 2,podcast_audiobook
play podcast 3,podcast_audiobook
continue podcast 4,podcast_audiobook
resume audiobook 0,podcast_audiobook
resume audiobook 1,podcast_audiobook
play podcast 2,podcast_audiobook
continue podcast 3,podcast_audiobook
continue podcast 4,podcast_audiobook
continue podcast 0,podcast_audiobook
resume audiobook 1,podcast_audiobook
resume audiobook 2,podcast_audiobook
play podcast 3,podcast_audiobook
start audiobook 4,podcast_audiobook
continue podcast 0,podcast_audiobook
start audiobook 1,podcast_audiobook
play podcast 2,podcast_audiobook
continue podcast 3,podcast_audiobook
resume audiobook 4,podcast_audiobook
play podcast 0,podcast_audiobook
start audiobook 1,podcast_audiobook
continue podcast 2,podcast_audiobook
continue podcast 3,podcast_audiobook
play podcast 4,podcast_audiobook
start audiobook 0,podcast_audiobook
continue podcast 1,podcast_audiobook
play podcast 2,podcast_audiobook
start audiobook 3,podcast_audiobook
start audiobook 4,podcast_audiobook
start audiobook 0,podcast_audiobook
continue podcast 1,podcast_audiobook
play podcast 2,podcast_audiobook
play podcast 3,podcast_audiobook
play podcast 4,podcast_audiobook
start audiobook 0,podcast_audiobook
resume audiobook 1,podcast_audiobook
play podcast 2,podcast_audiobook
play podcast 3,podcast_audiobook
play podcast 4,podcast_audiobook
continue podcast 0,podcast_audiobook
continue podcast 1,podcast_audiobook
resume audiobook 2,podcast_audiobook
continue podcast 3,podcast_audiobook
play podcast 4,podcast_audiobook
play podcast 0,podcast_audiobook
play podcast 1,podcast_audiobook
continue podcast 2,podcast_audiobook
resume audiobook 3,podcast_audiobook
play podcast 4,podcast_audiobook
play podcast 0,podcast_audiobook
continue podcast 1,podcast_audiobook
continue podcast 2,podcast_audiobook
resume audiobook 3,podcast_audiobook
start audiobook 4,podcast_audiobook
play podcast 0,podcast_audiobook
continue podcast 1,podcast_audiobook
resume audiobook 2,podcast_audiobook
play podcast 3,podcast_audiobook
continue podcast 4,podcast_audiobook
start audiobook 0,podcast_audiobook
continue podcast 1,podcast_audiobook
start audiobook 2,podcast_audiobook
continue podcast 3,podcast_audiobook
start audiobook 4,podcast_audiobook
continue podcast 0,podcast_audiobook
start audiobook 1,podcast_audiobook
resume audiobook 2,podcast_audiobook
resume audiobook 3,podcast_audiobook
continue podcast 4,podcast_audiobook
play podcast 0,podcast_audiobook
play podcast 1,podcast_audiobook
resume audiobook 2,podcast_audiobook
continue podcast 3,podcast_audiobook
play podcast 4,podcast_audiobook
continue podcast 0,podcast_audiobook
start audiobook 1,podcast_audiobook
continue podcast 2,podcast_audiobook
play podcast 3,podcast_audiobook
play podcast 4,podcast_audiobook
play podcast 0,podcast_audiobook
continue podcast 1,podcast_audiobook
start audiobook 2,podcast_audiobook
play podcast 3,podcast_audiobook
continue podcast 4,podcast_audiobook
continue podcast 0,podcast_audiobook
resume audiobook 1,podcast_audiobook
continue podcast 2,podcast_audiobook
resume audiobook 3,podcast_audiobook
play podcast 4,podcast_audiobook
start audiobook 0,podcast_audiobook
play podcast 1,podcast_audiobook
start audiobook 2,podcast_audiobook
resume audiobook 3,podcast_audiobook
resume audiobook 4,podcast_audiobook
resume audiobook 0,podcast_audiobook
continue podcast 1,podcast_audiobook
continue podcast 2,podcast_audiobook
start audiobook 3,podcast_audiobook
play podcast 4,podcast_audiobook
play podcast 0,podcast_audiobook
continue podcast 1,podcast_audiobook
resume audiobook 2,podcast_audiobook
resume audiobook 3,podcast_audiobook
start audiobook 4,podcast_audiobook
start audiobook 0,podcast_audiobook
play podcast 1,podcast_audiobook
play podcast 2,podcast_audiobook
continue podcast 3,podcast_audiobook
play podcast 4,podcast_audiobook
start audiobook 0,podcast_audiobook
play podcast 1,podcast_audiobook
play podcast 2,podcast_audiobook
resume audiobook 3,podcast_audiobook
continue podcast 4,podcast_audiobook
continue podcast 0,podcast_audiobook
start audiobook 1,podcast_audiobook
start audiobook 2,podcast_audiobook
start audiobook 3,podcast_audiobook
play podcast 4,podcast_audiobook
play podcast 0,podcast_audiobook
continue podcast 1,podcast_audiobook
continue podcast 2,podcast_audiobook
start audiobook 3,podcast_audiobook
play podcast 4,podcast_audiobook
resume audiobook 0,podcast_audiobook
resume audiobook 1,podcast_audiobook
continue podcast 2,podcast_audiobook
play podcast 3,podcast_audiobook
continue podcast 4,podcast_audiobook
play podcast 0,podcast_audiobook
play podcast 1,podcast_audiobook
resume audiobook 2,podcast_audiobook
start audiobook 3,podcast_audiobook
start audiobook 4,podcast_audiobook
device status 0,device_status
are lights on 1,device_status
is door locked 2,device_status
device status 3,device_status
device status 4,device_status
device status 0,device_status
is door locked 1,device_status
are lights on 2,device_status
device status 3,device_status
device status 4,device_status
device status 0,device_status
are lights on 1,device_status
device status 2,device_status
device status 3,device_status
is door locked 4,device_status
is door locked 0,device_status
is door locked 1,device_status
device status 2,device_status
are lights on 3,device_status
is door locked 4,device_status
device status 0,device_status
are lights on 1,device_status
are lights on 2,device_status
are lights on 3,device_status
is door locked 4,device_status
are lights on 0,device_status
device status 1,device_status
device status 2,device_status
device status 3,device_status
are lights on 4,device_status
is door locked 0,device_status
are lights on 1,device_status
device status 2,device_status
device status 3,device_status
wifi status 4,device_status
device status 0,device_status
is door locked 1,device_status
device status 2,device_status
are lights on 3,device_status
wifi status 4,device_status
are lights on 0,device_status
wifi status 1,device_status
is door locked 2,device_status
device status 3,device_status
wifi status 4,device_status
wifi status 0,device_status
wifi status 1,device_status
is door locked 2,device_status
is door locked 3,device_status
device status 4,device_status
wifi status 0,device_status
are lights on 1,device_status
are lights on 2,device_status
is door locked 3,device_status
is door locked 4,device_status
is door locked 0,device_status
are lights on 1,device_status
device status 2,device_status
wifi status 3,device_status
is door locked 4,device_status
device status 0,device_status
is door locked 1,device_status
are lights on 2,device_status
are lights on 3,device_status
are lights on 4,device_status
wifi status 0,device_status
are lights on 1,device_status
device status 2,device_status
are lights on 3,device_status
device status 4,device_status
device status 0,device_status
device status 1,device_status
is door locked 2,device_status
device status 3,device_status
are lights on 4,device_status
are lights on 0,device_status
wifi status 1,device_status
is door locked 2,device_status
wifi status 3,device_status
wifi status 4,device_status
device status 0,device_status
is door locked 1,device_status
are lights on 2,device_status
are lights on 3,device_status
are lights on 4,device_status
are lights on 0,device_status
is door locked 1,device_status
are lights on 2,device_status
wifi status 3,device_status
wifi status 4,device_status
is door locked 0,device_status
wifi status 1,device_status
are lights on 2,device_status
wifi status 3,device_status
is door locked 4,device_status
device status 0,device_status
is door locked 1,device_status
wifi status 2,device_status
are lights on 3,device_status
is door locked 4,device_status
are lights on 0,device_status
wifi status 1,device_status
is door locked 2,device_status
is door locked 3,device_status
device status 4,device_status
are lights on 0,device_status
device status 1,device_status
device status 2,device_status
is door locked 3,device_status
is door locked 4,device_status
wifi status 0,device_status
device status 1,device_status
device status 2,device_status
device status 3,device_status
wifi status 4,device_status
is door locked 0,device_status
are lights on 1,device_status
wifi status 2,device_status
is door locked 3,device_status
device status 4,device_status
wifi status 0,device_status
device status 1,device_status
device status 2,device_status
wifi status 3,device_status
device status 4,device_status
is door locked 0,device_status
device status 1,device_status
device status 2,device_status
is door locked 3,device_status
is door locked 4,device_status
are lights on 0,device_status
are lights on 1,device_status
device status 2,device_status
device status 3,device_status
is door locked 4,device_status
are lights on 0,device_status
device status 1,device_status
are lights on 2,device_status
are lights on 3,device_status
wifi status 4,device_status
device status 0,device_status
wifi status 1,device_status
wifi status 2,device_status
wifi status 3,device_status
device status 4,device_status
wifi status 0,device_status
is door locked 1,device_status
device status 2,device_status
device status 3,device_status
wifi status 4,device_status
are lights on 0,device_status
device status 1,device_status
are lights on 2,device_status
device status 3,device_status
device status 4,device_status
device status 0,device_status
device status 1,device_status
wifi status 2,device_status
wifi status 3,device_status
are lights on 4,device_status
are lights on 0,device_status
wifi status 1,device_status
are lights on 2,device_status
wifi status 3,device_status
are lights on 4,device_status
device status 0,device_status
is door locked 1,device_status
device status 2,device_status
device status 3,device_status
are lights on 4,device_status
quiz time 0,games_trivia
quiz time 1,games_trivia
fun game 2,games_trivia
quiz time 3,games_trivia
start trivia 4,games_trivia
fun game 0,games_trivia
fun game 1,games_trivia
quiz time 2,games_trivia
start trivia 3,games_trivia
play a game 4,games_trivia
start trivia 0,games_trivia
quiz time 1,games_trivia
fun game 2,games_trivia
quiz time 3,games_trivia
fun game 4,games_trivia
fun game 0,games_trivia
fun game 1,games_trivia
play a game 2,games_trivia
quiz time 3,games_trivia
fun game 4,games_trivia
fun game 0,games_trivia
start trivia 1,games_trivia
play a game 2,games_trivia
play a game 3,games_trivia
start trivia 4,games_trivia
start trivia 0,games_trivia
fun game 1,games_trivia
start trivia 2,games_trivia
fun game 3,games_trivia
fun game 4,games_trivia
fun game 0,games_trivia
start trivia 1,games_trivia
fun game 2,games_trivia
quiz time 3,games_trivia
play a game 4,games_trivia
fun game 0,games_trivia
fun game 1,games_trivia
start trivia 2,games_trivia
quiz time 3,games_trivia
quiz time 4,games_trivia
play a game 0,games_trivia
start trivia 1,games_trivia
fun game 2,games_trivia
play a game 3,games_trivia
start trivia 4,games_trivia
quiz time 0,games_trivia
quiz time 1,games_trivia
quiz time 2,games_trivia
fun game 3,games_trivia
start trivia 4,games_trivia
start trivia 0,games_trivia
fun game 1,games_trivia
play a game 2,games_trivia
start trivia 3,games_trivia
quiz time 4,games_trivia
quiz time 0,games_trivia
quiz time 1,games_trivia
quiz time 2,games_trivia
start trivia 3,games_trivia
fun game 4,games_trivia
fun game 0,games_trivia
play a game 1,games_trivia
fun game 2,games_trivia
play a game 3,games_trivia
play a game 4,games_trivia
quiz time 0,games_trivia
quiz time 1,games_trivia
play a game 2,games_trivia
start trivia 3,games_trivia
fun game 4,games_trivia
start trivia 0,games_trivia
start trivia 1,games_trivia
play a game 2,games_trivia
fun game 3,games_trivia
play a game 4,games_trivia
start trivia 0,games_trivia
quiz time 1,games_trivia
play a game 2,games_trivia
quiz time 3,games_trivia
start trivia 4,games_trivia
play a game 0,games_trivia
play a game 1,games_trivia
quiz time 2,games_trivia
play a game 3,games_trivia
play a game 4,games_trivia
fun game 0,games_trivia
play a game 1,games_trivia
quiz time 2,games_trivia
play a game 3,games_trivia
quiz time 4,games_trivia
play a game 0,games_trivia
fun game 1,games_trivia
start trivia 2,games_trivia
start trivia 3,games_trivia
fun game 4,games_trivia
start trivia 0,games_trivia
play a game 1,games_trivia
start trivia 2,games_trivia
quiz time 3,games_trivia
play a game 4,games_trivia
play a game 0,games_trivia
play a game 1,games_trivia
fun game 2,games_trivia
start trivia 3,games_trivia
fun game 4,games_trivia
quiz time 0,games_trivia
quiz time 1,games_trivia
start trivia 2,games_trivia
start trivia 3,games_trivia
fun game 4,games_trivia
play a game 0,games_trivia
quiz time 1,games_trivia
start trivia 2,games_trivia
quiz time 3,games_trivia
quiz time 4,games_trivia
start trivia 0,games_trivia
quiz time 1,games_trivia
quiz time 2,games_trivia
play a game 3,games_trivia
quiz time 4,games_trivia
fun game 0,games_trivia
start trivia 1,games_trivia
play a game 2,games_trivia
fun game 3,games_trivia
play a game 4,games_trivia
fun game 0,games_trivia
play a game 1,games_trivia
start trivia 2,games_trivia
play a game 3,games_trivia
fun game 4,games_trivia
play a game 0,games_trivia
fun game 1,games_trivia
fun game 2,games_trivia
quiz time 3,games_trivia
quiz time 4,games_trivia
fun game 0,games_trivia
start trivia 1,games_trivia
play a game 2,games_trivia
quiz time 3,games_trivia
play a game 4,games_trivia
start trivia 0,games_trivia
fun game 1,games_trivia
start trivia 2,games_trivia
quiz time 3,games_trivia
start trivia 4,games_trivia
quiz time 0,games_trivia
play a game 1,games_trivia
play a game 2,games_trivia
start trivia 3,games_trivia
start trivia 4,games_trivia
quiz time 0,games_trivia
start trivia 1,games_trivia
play a game 2,games_trivia
start trivia 3,games_trivia
play a game 4,games_trivia
play a game 0,games_trivia
quiz time 1,games_trivia
quiz time 2,games_trivia
start trivia 3,games_trivia
quiz time 4,games_trivia
fun game 0,games_trivia
play a game 1,games_trivia
quiz time 2,games_trivia
start trivia 3,games_trivia
play a game 4,games_trivia
start trivia 0,games_trivia
start trivia 1,games_trivia
start trivia 2,games_trivia
quiz time 3,games_trivia
quiz time 4,games_trivia
open youtube 0,open_website
open website 1,open_website
open website 2,open_website
launch github 3,open_website
open website 4,open_website
go to google 0,open_website
open website 1,open_website
open youtube 2,open_website
open youtube 3,open_website
open youtube 4,open_website
open website 0,open_website
open website 1,open_website
launch github 2,open_website
go to google 3,open_website
open youtube 4,open_website
open website 0,open_website
go to google 1,open_website
launch github 2,open_website
launch github 3,open_website
open website 4,open_website
open website 0,open_website
open youtube 1,open_website
go to google 2,open_website
open youtube 3,open_website
go to google 4,open_website
launch github 0,open_website
open website 1,open_website
open website 2,open_website
open youtube 3,open_website
open website 4,open_website
launch github 0,open_website
launch github 1,open_website
open youtube 2,open_website
open youtube 3,open_website
go to google 4,open_website
launch github 0,open_website
go to google 1,open_website
launch github 2,open_website
launch github 3,open_website
open website 4,open_website
launch github 0,open_website
open website 1,open_website
go to google 2,open_website
open youtube 3,open_website
open youtube 4,open_website
open youtube 0,open_website
launch github 1,open_website
open website 2,open_website
open youtube 3,open_website
open youtube 4,open_website
open youtube 0,open_website
go to google 1,open_website
launch github 2,open_website
open website 3,open_website
launch github 4,open_website
open youtube 0,open_website
launch github 1,open_website
launch github 2,open_website
open youtube 3,open_website
go to google 4,open_website
open youtube 0,open_website
go to google 1,open_website
open website 2,open_website
launch github 3,open_website
launch github 4,open_website
open website 0,open_website
open website 1,open_website
open youtube 2,open_website
go to google 3,open_website
open website 4,open_website
open youtube 0,open_website
open youtube 1,open_website
launch github 2,open_website
launch github 3,open_website
launch github 4,open_website
open youtube 0,open_website
go to google 1,open_website
open website 2,open_website
launch github 3,open_website
launch github 4,open_website
launch github 0,open_website
launch github 1,open_website
open website 2,open_website
go to google 3,open_website
go to google 4,open_website
open youtube 0,open_website
go to google 1,open_website
launch github 2,open_website
open youtube 3,open_website
launch github 4,open_website
launch github 0,open_website
open youtube 1,open_website
go to google 2,open_website
launch github 3,open_website
launch github 4,open_website
open youtube 0,open_website
launch github 1,open_website
go to google 2,open_website
open youtube 3,open_website
open youtube 4,open_website
launch github 0,open_website
launch github 1,open_website
open youtube 2,open_website
open youtube 3,open_website
open youtube 4,open_website
open website 0,open_website
open website 1,open_website
launch github 2,open_website
launch github 3,open_website
launch github 4,open_website
open youtube 0,open_website
open youtube 1,open_website
open youtube 2,open_website
open website 3,open_website
go to google 4,open_website
launch github 0,open_website
go to google 1,open_website
open youtube 2,open_website
go to google 3,open_website
go to google 4,open_website
open website 0,open_website
go to google 1,open_website
go to google 2,open_website
launch github 3,open_website
open website 4,open_website
open website 0,open_website
open youtube 1,open_website
open youtube 2,open_website
launch github 3,open_website
launch github 4,open_website
open youtube 0,open_website
open youtube 1,open_website
open website 2,open_website
open youtube 3,open_website
open youtube 4,open_website
launch github 0,open_website
launch github 1,open_website
launch github 2,open_website
launch github 3,open_website
go to google 4,open_website
launch github 0,open_website
open youtube 1,open_website
go to google 2,open_website
open website 3,open_website
launch github 4,open_website
open youtube 0,open_website
open website 1,open_website
open website 2,open_website
launch github 3,open_website
launch github 4,open_website
go to google 0,open_website
open youtube 1,open_website
open youtube 2,open_website
launch github 3,open_website
open website 4,open_website
launch github 0,open_website
open website 1,open_website
launch github 2,open_website
go to google 3,open_website
open website 4,open_website
launch github 0,open_website
open youtube 1,open_website
open youtube 2,open_website
go to google 3,open_website
launch github 4,open_website
launch github 0,open_website
go to google 1,open_website
go to google 2,open_website
go to google 3,open_website
launch github 4,open_website
set alarm by 7 o clock in evening,alarm
set an alarm for 7 in the evening,alarm
wake me at 7 pm,alarm
alarm at 7 tonight,alarm
set evening alarm for 7,alarm
ring alarm at 7 pm,alarm
schedule alarm 7 in evening,alarm
put an alarm for 7 tonight,alarm
remind me with alarm at 7 pm,alarm
start alarm at 7 in the evening,alarm
play song for me,play_music
play a song for me,play_music
can you play a song,play_music
please play some song,play_music
start a song,play_music
i want to hear a song,play_music
put on a song,play_music
play music for me,play_music
could you play music,play_music
play any nice song,play_music
play my favorite song,play_music
play some good music,play_music
play a track,play_music
start playing a song,play_music
music please,play_music
remind me at nine am 1,alarm
i need an alarm for six 4,alarm
alarm me when it hits noon 1,alarm
schedule an alarm for later 2,alarm
put a wake up call for eight 0,alarm
tell me to wake up at dawn 1,alarm
create an alarm to get up 4,alarm
i want to be alerted soon 1,alarm
set me up with a morning alarm 4,alarm
alarm me in the morning please 3,alarm
wake me when the alarm goes off 4,alarm
can you alarm me tomorrow 0,alarm
i need a wake up reminder 4,alarm
go ahead and set the alarm 1,alarm
alarm should go off at midnight 3,alarm
make an alarm for next week 4,alarm
set up a time alert for me 0,alarm
activate an alarm at this time 1,alarm
please remind me with an alarm 3,alarm
alarm at lunch time tomorrow 2,alarm
configure an alarm to ring 1,alarm
wake me with an alert 1,alarm
i need alarms set up 2,alarm
get me an alarm clock sound 0,alarm
add an alarm to my schedule 2,alarm
set the alarm for three pm 3,alarm
i want an alarm in one hour 3,alarm
wake me up before sunrise 3,alarm
snooze this alarm for ten minutes 2,alarm
could you alarm me at bedtime 4,alarm
establish an alarm for my workout 2,alarm
make sure i get an alarm 1,alarm
ring an alarm at dinner time 1,alarm
let me know when to wake up 3,alarm
prep an alarm for five thirty 0,alarm
sound an alarm when its time 1,alarm
trigger an alarm for the meeting 0,alarm
set up alarms for the week 3,alarm
alarm me before my appointment 2,alarm
i need you to alarm me 0,alarm
put together a wake up alarm 2,alarm
schedule me a wake call 1,alarm
can i get an alarm set 1,alarm
alarm needs to go at eight 4,alarm
remind me via an alarm 4,alarm
turn on an alarm for me 4,alarm
set an alarm that will work 3,alarm
i want my alarm to sound 0,alarm
go set an alarm somewhere 0,alarm
enable an alarm just for me 2,alarm
alarm me before my shift starts 3,alarm
i need the alarm going off soon 4,alarm
set a loud alarm for the morning 4,alarm
can you give me an alarm 4,alarm
wake me at this specific time 3,alarm
get an alarm working for later today 2,alarm
make an alarm that wakes me up 2,alarm
please put on an alarm for me 0,alarm
alarm should sound when i need it 3,alarm
help me schedule this alarm now 1,alarm
i want my alarm set right away 3,alarm
time to set up my wake alarm 4,alarm
could you create an alarm for me 4,alarm
alarm me at the hour 2,alarm
set this alarm to go off 0,alarm
wake me at the crack of dawn 3,alarm
i need to set an alarm up 3,alarm
make sure the alarm is on 2,alarm
alarm me before class starts 2,alarm
put my alarm in the system 3,alarm
set me an alarm for later 4,alarm
alarm goes off at my usual time 4,alarm
tell the alarm to sound now 4,alarm
get the alarm ready for me 3,alarm
i want this alarm activated please 4,alarm
alarm me when the timer runs out 0,alarm
set a reminder alarm for noon 0,alarm
wake me at half past nine 3,alarm
create an early morning alarm 1,alarm
i need an alarm that actually works 3,alarm
put an alarm on for later tonight 2,alarm
sound the alarm at my wake time 0,alarm
schedule an alarm for after lunch 4,alarm
alarm me before i leave work 3,alarm
set up an alarm right this second 2,alarm
make the alarm go off early 1,alarm
when should i set this alarm 2,alarm
activate an alarm for tomorrow morning 1,alarm
i want an alarm in two hours 3,alarm
alarm me at the start of my day 4,alarm
set my alarm before bed 0,alarm
can you sound an alarm for me 4,alarm
alarm needs to happen soon 3,alarm
prep my wake alarm for tonight 4,alarm
establish an alarm for the afternoon 1,alarm
alarm me when i should get ready 3,alarm
set an alarm and dont forget 3,alarm
give me an alarm at dawn 1,alarm
alarm me prior to my next meeting 0,alarm
schedule an alarm for bedtime routine 2,alarm
alarm me for coffee break 0,alarm
set up a wake time alert 4,alarm
i need a reminder to wake 4,alarm
sound my alarm at breakfast 3,alarm
get me a morning notification 1,alarm
alarm should ring before sunset 0,alarm
configure an alert for tonight 1,alarm
wake me when its time 4,alarm
set my alert for dinner 2,alarm
alarm at my workout hour 4,alarm
trigger a wake up call 4,alarm
schedule my morning notification now 1,alarm
make an alert for later this week 0,alarm
ring the alarm when needed 2,alarm
set a time to wake me 0,alarm
alarm me during my commute 3,alarm
activate my wake time reminder 2,alarm
i need to be woken up 2,alarm
schedule the alarm for then 2,alarm
alarm me at my gym time 0,alarm
set a notification for sleep 4,alarm
get my alarm timed properly 4,alarm
wake me before the meeting 4,alarm
alarm me for evening prep 0,alarm
set my alert for the evening 4,alarm
remind me to wake up tomorrow 1,alarm
set an alarm for sunrise 3,alarm
i want to be woken at eight 4,alarm
create a wake up alarm now 3,alarm
alarm me before my appointment 2,alarm
when do you want the alarm 3,alarm
set up my morning wake time 1,alarm
make an alarm for next week 0,alarm
alarm should go off at noon 4,alarm
get me up at six am 2,alarm
configure my wake up time 2,alarm
set the alarm earlier please 0,alarm
i need to wake at dawn 2,alarm
alarm for my afternoon nap 3,alarm
put an alert on my calendar 0,alarm
can i set an alarm quick 0,alarm
wake me up at that time 1,alarm
schedule a wake up for me 0,alarm
set my alarm to go off soon 3,alarm
alarm me for my doctor visit 3,alarm
make sure i wake on time 1,alarm
set a wake alarm for tonight 1,alarm
get me an alarm at that hour 1,alarm
create an alert right now 0,alarm
alarm me before the show starts 3,alarm
set my wake up for then 0,alarm
i want an alarm at nine 4,alarm
set an alarm for bedtime 0,alarm
can you give me a wake call 4,alarm
alarm me at half past five 4,alarm
tell the alarm to ring later 2,alarm
schedule a buzz for morning 2,alarm
make sure i get woken up 0,alarm
set my alarm super early 3,alarm
i need you to alarm me 0,alarm
put an alarm on for tonight 2,alarm
alarm goes off when 2,alarm
wake me right before noon 3,alarm
set a timer alert for me 0,alarm
configure when i should wake 1,alarm
alarm me an hour from now 3,alarm
give me a wake up buzz 2,alarm
set that alarm for thursday 0,alarm
can you alarm me later 1,alarm
i want waking up at noon 1,alarm
alarm should go off soon 4,alarm
set my wake up sound now 0,alarm
make me an alarm for monday 1,alarm
trigger an alert for later 1,alarm
wake me up sooner 1,alarm
set the alarm nice and early 2,alarm
remind me to wake at eight thirty 4,alarm
put a ring on my phone tomorrow 2,alarm
i need something to wake me 3,alarm
activate a morning buzz please 2,alarm
shuffle my favorite songs 1,play_music
queue up some music 0,play_music
put on a playlist 1,play_music
get the music going 2,play_music
play something upbeat 4,play_music
spin some tunes for me 1,play_music
let me hear some music 0,play_music
turn on the music 4,play_music
play my workout mix 0,play_music
give me some rock music 3,play_music
can you play some jazz 0,play_music
start playing my morning playlist 1,play_music
put some songs on 4,play_music
i want to hear music 4,play_music
play some chill beats 2,play_music
throw on some good music 3,play_music
stream some tracks 0,play_music
load up my sleep playlist 4,play_music
play ambient sounds 2,play_music
begin playing pop music 4,play_music
switch on some melodies 4,play_music
take me to the music 3,play_music
activate my dinner party playlist 4,play_music
blast some dance music 3,play_music
engage the audio system 0,play_music
play something for background music 1,play_music
i feel like listening to music 4,play_music
put on some indie rock 1,play_music
start a reggae session 2,play_music
play tracks from my library 2,play_music
bring up some classical music 0,play_music
sound out some hip hop 0,play_music
have you got any lo fi beats 4,play_music
deliver me some country songs 2,play_music
launch the music player 1,play_music
establish audio for my evening 2,play_music
dial up some metal music 3,play_music
initiate a funk playlist 3,play_music
pipe in some latin music 1,play_music
set the rhythm going 4,play_music
open up a soul music station 4,play_music
run my blues collection 0,play_music
wake me with some podcasts and music 0,play_music
light up some electronic music 4,play_music
get flowing with some r and b 3,play_music
keep the music playing 3,play_music
produce some folk music 0,play_music
unfold my top hits playlist 1,play_music
commence with some synthwave 4,play_music
transmit some oldies hits 2,play_music
can i get some music playing 4,play_music
play me something good 1,play_music
time for some music 1,play_music
what music can you play 1,play_music
play tunes please 0,play_music
make some music happen 2,play_music
get some audio going 3,play_music
play whatever you think is good 3,play_music
put music on now 4,play_music
how about some music 0,play_music
ready to hear some songs 4,play_music
start the audio 1,play_music
music please 4,play_music
let it play 1,play_music
play any good songs 3,play_music
bring the beats 1,play_music
give me something to listen to 0,play_music
flip on some audio 2,play_music
play it loud 0,play_music
set up some background sounds 4,play_music
i want some tunes 3,play_music
go ahead and play music 1,play_music
summon the playlist 4,play_music
trigger the music 0,play_music
load some audio 3,play_music
queue up some songs for me 1,play_music
stream whatever sounds good 4,play_music
let me hear some music 3,play_music
activate the speaker 2,play_music
spin up a music session 0,play_music
put on my favorite tracks 3,play_music
turn on some audio content 3,play_music
shuffle through some songs 2,play_music
select a playlist for me 1,play_music
wanna jam to something 4,play_music
crank up the music 2,play_music
feed me some music 1,play_music
broadcast some tunes 0,play_music
engage the audio player 4,play_music
display my music library 3,play_music
play a random song 0,play_music
channel some sound my way 0,play_music
switch on a music channel 2,play_music
get me some good audio 2,play_music
inject some music into my day 1,play_music
fire up some tracks 2,play_music
route me to some songs 2,play_music
orchestrate a listening session 1,play_music
dial in some tunes 4,play_music
serve up some audio 2,play_music
drop a song for me 0,play_music
play something that hits 1,play_music
let the music flow 2,play_music
i need a soundtrack right now 1,play_music
find me some audio 3,play_music
start my music session 1,play_music
throw on some tracks 4,play_music
give me a beat 4,play_music
music on please 3,play_music
can you play something 4,play_music
turn up the tunes 0,play_music
hit me with some songs 3,play_music
play something upbeat 4,play_music
sound it out 4,play_music
lay down some music 3,play_music
what should i listen to 1,play_music
set the mood with music 1,play_music
blast some audio 0,play_music
provide some background music 4,play_music
unleash the playlist 1,play_music
recommend and play something 1,play_music
keep me entertained with music 3,play_music
open up the music player 2,play_music
run my favorite station 4,play_music
song time 2,play_music
start some good music 0,play_music
load up a few tracks 2,play_music
begin my playlist 4,play_music
get some songs going 3,play_music
put music on now 3,play_music
enable audio playback 3,play_music
bring on the tunes 1,play_music
play me something 0,play_music
switch to music mode 4,play_music
initiate playback 0,play_music
let me listen to music 4,play_music
music start 3,play_music
grab some audio for me 3,play_music
queue tracks now 0,play_music
i want to hear music 2,play_music
take me to the music 2,play_music
set up some songs 1,play_music
launch a listening session 4,play_music
play anything you got 4,play_music
move to my music library 1,play_music
get my speakers working 1,play_music
prepare some audio 2,play_music
advance to music playback 4,play_music
connect to some music 3,play_music
play stuff 3,play_music
crank up some music 2,play_music
shuffle my songs 4,play_music
start playing some tracks 0,play_music
put on a tune 0,play_music
time for some music 0,play_music
give me something to listen to 4,play_music
switch on the music 0,play_music
activate my playlist 2,play_music
spin some music for me 2,play_music
get some tunes going now 4,play_music
audio on 1,play_music
serve up some songs 2,play_music
wake up the speaker 4,play_music
stream me something good 1,play_music
pump up the volume 4,play_music
let music play 1,play_music
pick a song and play 0,play_music
music mode on 2,play_music
ready some audio 2,play_music
roll with some beats 3,play_music
compose my listening experience 0,play_music
insert music 4,play_music
get audio streaming 3,play_music
engage the music 0,play_music
start the soundtrack 2,play_music
play something fun for me 3,play_music
turn on some songs 0,play_music
can you play music 1,play_music
start the beats 2,play_music
put some audio on 1,play_music
trigger music playback 4,play_music
fire up the tracks 4,play_music
let some music flow 1,play_music
sounds please 1,play_music
bring the music to me 2,play_music
can you tell me something funny 3,jokes_fun
i need a good laugh right now 2,jokes_fun
do you know any hilarious jokes 1,jokes_fun
make me chuckle with something 1,jokes_fun
give me your best punchline 4,jokes_fun
tell me something to brighten my day 2,jokes_fun
what do you find funny 3,jokes_fun
share a joke with me 2,jokes_fun
surprise me with comedy 2,jokes_fun
i could use some humor 4,jokes_fun
got any funny stories 4,jokes_fun
entertain me with a joke 2,jokes_fun
what makes you laugh 4,jokes_fun
tell me something amusing 1,jokes_fun
got anything hilarious to share 0,jokes_fun
crack a joke for me 0,jokes_fun
do something funny 0,jokes_fun
give me a laugh 2,jokes_fun
say something that will make me smile 4,jokes_fun
what is your funniest joke 0,jokes_fun
can you be funny right now 3,jokes_fun
tell me a witty one liner 2,jokes_fun
amuse me with your best material 0,jokes_fun
do you have humor for me 0,jokes_fun
make a funny comment 0,jokes_fun
tell me a joke about anything 4,jokes_fun
hit me with your funniest material 0,jokes_fun
give me something to laugh about 1,jokes_fun
what joke would you tell me 0,jokes_fun
keep me entertained with humor 4,jokes_fun
show me what you find hilarious 2,jokes_fun
throw a funny joke my way 2,jokes_fun
tell me your best joke ever 2,jokes_fun
i want to hear something comedic 3,jokes_fun
can you make a funny quip 2,jokes_fun
tell me a joke that is really good 0,jokes_fun
what would make me laugh today 3,jokes_fun
deliver me some comedy gold 2,jokes_fun
share something funny with me please 1,jokes_fun
tell me a funny fact or joke 3,jokes_fun
give me your funniest line 3,jokes_fun
how about a humorous joke 3,jokes_fun
tell me something that is funny 3,jokes_fun
i want to hear a real joke 3,jokes_fun
can you share something humorous 0,jokes_fun
give me a comedic bit 4,jokes_fun
tell me a joke to cheer me up 2,jokes_fun
what should i laugh at 2,jokes_fun
make me giggle with a joke 1,jokes_fun
tell me your funniest material 4,jokes_fun
come up with something hilarious 2,jokes_fun
bring out the comedy 0,jokes_fun
have any riddles that are funny 2,jokes_fun
lighten the mood with humor 4,jokes_fun
let me hear your best gag 4,jokes_fun
spark some laughter in me 4,jokes_fun
play a funny sound or joke 0,jokes_fun
what is your go to joke 4,jokes_fun
unleash your funniest material 4,jokes_fun
can you do your best funny impression 4,jokes_fun
tell me a joke i have not heard 0,jokes_fun
inspire some giggles right now 2,jokes_fun
give me a side splitting punchline 0,jokes_fun
what funny thing can you share 0,jokes_fun
deliver the funniest thing you know 4,jokes_fun
lay a joke on me 3,jokes_fun
get me to laugh out loud 1,jokes_fun
what is something that cracks you up 3,jokes_fun
show me your comedy skills 0,jokes_fun
do you have any witty remarks 2,jokes_fun
tell me a joke to brighten things 4,jokes_fun
help me find something funny 1,jokes_fun
make me burst out laughing 2,jokes_fun
drop a joke on me right now 4,jokes_fun
what is the funniest thing you know 4,jokes_fun
say something funny to me 2,jokes_fun
give me a punchline 2,jokes_fun
entertain me with something amusing 0,jokes_fun
crack a joke for me 1,jokes_fun
tell me something that makes you laugh 2,jokes_fun
you got any good jokes 0,jokes_fun
share a funny story or joke 1,jokes_fun
can you amuse me right now 0,jokes_fun
what would crack me up 4,jokes_fun
tell me the funniest thing ever 0,jokes_fun
surprise me with something funny 3,jokes_fun
make a joke happen 1,jokes_fun
give me a laugh break 4,jokes_fun
tell me your favorite funny thing 1,jokes_fun
what is your idea of funny 4,jokes_fun
serve up some comedy 0,jokes_fun
can you tell a humorous story 1,jokes_fun
let me hear something amusing 1,jokes_fun
do something to make me laugh 1,jokes_fun
offer me a funny joke 2,jokes_fun
share your funniest observation 2,jokes_fun
tell me a gag i will enjoy 1,jokes_fun
give me a reason to smile 3,jokes_fun
what could possibly be funny 0,jokes_fun
remind me what funny means 2,jokes_fun
get me chuckling 2,jokes_fun
i could use some humor 3,jokes_fun
tell me something comical 3,jokes_fun
keep me entertained with comedy 4,jokes_fun
share something that is silly 0,jokes_fun
make me giggle please 1,jokes_fun
what would be hilarious right now 2,jokes_fun
give me a reason to laugh 4,jokes_fun
let me hear a witty one liner 1,jokes_fun
can you tickle my funny bone 2,jokes_fun
tell me a riddle that is funny 2,jokes_fun
spout some comedy magic 3,jokes_fun
throw a joke at me 2,jokes_fun
what silly thing do you know 3,jokes_fun
make me snort laugh 1,jokes_fun
give me your wittiest quip 0,jokes_fun
tell me what you find amusing 4,jokes_fun
surprise me with a funny quip 3,jokes_fun
help me have a laugh 2,jokes_fun
share your funniest bit 3,jokes_fun
let loose with some comedy 2,jokes_fun
what is your funniest observation 3,jokes_fun
tell me a jest 0,jokes_fun
can you say something hilarious 3,jokes_fun
give me something to chuckle at 4,jokes_fun
do you know any good humor 0,jokes_fun
tell me a laugh worthy moment 0,jokes_fun
share something witty with me 4,jokes_fun
i need a good chuckle right now 4,jokes_fun
make me smile with a joke 0,jokes_fun
what funny thing do you have 3,jokes_fun
give me something ridiculous to laugh at 0,jokes_fun
tell me your best comedic line 2,jokes_fun
can you lighten the mood with humor 3,jokes_fun
share a hilarious anecdote please 1,jokes_fun
what would make this moment funny 2,jokes_fun
deliver me something comedic 3,jokes_fun
tell me a silly joke right now 1,jokes_fun
you have any humor for me 2,jokes_fun
help me get some laughs going 0,jokes_fun
what is the funniest thing you know 0,jokes_fun
give me a joke that actually works 1,jokes_fun
tell me something absurd and funny 4,jokes_fun
make me laugh out loud please 4,jokes_fun
share a funny quip or observation 3,jokes_fun
can you say something that tickles me 2,jokes_fun
what joke would brighten my day 3,jokes_fun
tell me a pun or funny wordplay 0,jokes_fun
get me laughing with something amusing 4,jokes_fun
share some comedy to brighten up 2,jokes_fun
crack a funny one for me 4,jokes_fun
do you have any good zingers 3,jokes_fun
tell me something that is absurd 3,jokes_fun
make me burst out laughing 0,jokes_fun
share a hilarious dad joke 1,jokes_fun
give me comedy right this second 0,jokes_fun
what ridiculous thing can you say 2,jokes_fun
tell me a joke about anything 1,jokes_fun
help me find humor in this moment 3,jokes_fun
can you come up with something funny 2,jokes_fun
share something to make me chuckle 4,jokes_fun
what amusing story do you know 1,jokes_fun
tell me a one liner that slaps 1,jokes_fun
get me some entertainment and laughs 4,jokes_fun
share a gag that actually lands 1,jokes_fun
make my day brighter with humor 2,jokes_fun
do you know any funny observations 1,jokes_fun
tell me what makes you laugh 2,jokes_fun
give me a funny bit to enjoy 1,jokes_fun
can you say something that amuses me 4,jokes_fun
what is happening in the news 1,news
tell me about current events 2,news
give me the latest updates 3,news
what should i know today 1,news
show me breaking news 1,news
catch me up on the news 3,news
whats going on right now 3,news
read me the news 0,news
any important news lately 2,news
what are people talking about 2,news
bring me up to speed 0,news
any big stories today 4,news
play the news for me 4,news
whats new in the world 2,news
keep me informed about current news 2,news
give me a news briefing 2,news
what happened recently 0,news
tell me whats trending 0,news
show headlines from today 3,news
anything important i should know 4,news
report on todays events 0,news
whats the latest story 4,news
i want to hear the news 2,news
give me the top stories 0,news
what do i need to hear 3,news
fill me in on todays news 0,news
any news worth knowing about 2,news
whats the story today 0,news
check the latest news for me 1,news
bring up current headlines 0,news
what news is out there 0,news
summarize todays events 0,news
give me the news rundown 0,news
show me whats happening now 2,news
what should i be reading about 4,news
get me today's top stories 1,news
any breaking developments lately 3,news
what is trending in the news 4,news
pull up the latest headlines 1,news
brief me on current affairs 1,news
what news do i need to know 0,news
tell me whats been happening 2,news
give me todays news summary 4,news
what are the main stories today 1,news
any significant news updates 0,news
whats new and important 0,news
show me breaking stories 0,news
update me on recent events 3,news
what news is relevant right now 0,news
catch me up on whats new 2,news
what are the headlines today 3,news
tell me the big stories 2,news
give me a news recap 2,news
whats occurring in current events 1,news
read the latest headlines to me 3,news
what is in the news cycle 0,news
inform me about todays happenings 4,news
what stories are breaking right now 3,news
get an overview of the news 3,news
what do the news outlets say 0,news
brief me on whats new 2,news
tell me about recent developments 2,news
what is newsworthy today 1,news
show me todays major stories 3,news
what is everyone talking about now 4,news
give me todays news briefing 1,news
what events are happening today 4,news
whats the current news situation 3,news
tell me what happened today 3,news
play headlines from today 1,news
what should be on my radar 2,news
update my knowledge on current news 4,news
give me todays top developments 4,news
what stories matter right now 2,news
inform me what is going on 0,news
run through the news with me 3,news
what are people discussing lately 1,news
read me today's important stories 3,news
give me a quick news update 2,news
what's making headlines right now 4,news
fill me in on what's current 0,news
show me what's happening in the world 3,news
what do i need to be aware of 2,news
tell me the recent news stories 2,news
get the latest news briefing please 1,news
what major events are occurring 0,news
update me with the newest headlines 3,news
what news should i focus on 0,news
bring me up to speed on news 1,news
what's the latest situation in the news 1,news
summarize what's being reported today 2,news
what developments are happening now 4,news
tell me what's going on worldwide 1,news
give me today's key news items 0,news
what should i know about today 2,news
read me the current news stories 1,news
what's the status of the news 0,news
any major happenings i should know 3,news
what news deserves my attention 0,news
show me what the media is covering 2,news
catch me up on whats trending 3,news
whats the news on right now 1,news
what events should i be aware of 2,news
tell me the day's important updates 3,news
give me a news summary for today 4,news
what is currently making waves 2,news
brief me on recent occurrences 0,news
play me the latest news stories 3,news
what are the top breaking stories 3,news
inform me of todays key events 2,news
what do the news networks report 3,news
give me the news rundown 1,news
whats new in the world today 1,news
tell me what stories are trending 2,news
what noteworthy things happened 1,news
update me on todays major events 1,news
show me recent news coverage 3,news
what are the biggest stories now 0,news
read me the news from today 1,news
what am i missing in the news 0,news
brief me on todays events 1,news
what significant news broke today 3,news
tell me what is current 4,news
get me the day's news summary 0,news
what should i read about today 0,news
pull up the latest breaking news 0,news
what important stories broke recently 0,news
give me the news right now 2,news
tell me what's hot in news 2,news
show me today's news briefing 1,news
what's in the news cycle today 3,news
bring me current news headlines 3,news
what newsworthy items should i know 0,news
read me recent news developments 3,news
what stories are making noise 3,news
give me a news roundup please 0,news
what's happening in news right now 1,news
update me on breaking developments 3,news
show me the trending news today 0,news
what major story just broke 3,news
tell me about recent happenings 2,news
brief me on today's news cycle 1,news
what news should i catch up on 2,news
give me recent news briefing 2,news
what's currently in the headlines 0,news
show me what broke in news 4,news
tell me the news updates now 0,news
what recent events happened today 1,news
give me the current affairs news 3,news
what newsworthy items broke lately 3,news
give me stories making headlines 3,news
whats happening around the world 2,news
fill me in on recent news 0,news
what should i know about today 2,news
tell me the latest events 3,news
bring me up to speed on news 2,news
what news do i need to hear 1,news
show me whats going on now 0,news
update me with recent stories 0,news
what stories broke last 4,news
tell me today's key news 3,news
give me the current news situation 0,news
whats the news landscape today 2,news
what important updates happened 3,news
brief me on recent developments 3,news
show me the news of the day 2,news
what stories should i know about 4,news
give me today's major headlines 1,news
whats going on in current events 1,news
tell me what news emerged 2,news
what movies are trending right now 2,movies
tell me about good films to watch 2,movies
find me something interesting to stream 4,movies
can you recommend a movie tonight 1,movies
what should i watch this weekend 2,movies
show me movies in theaters now 3,movies
give me a list of new releases 0,movies
any good movies playing currently 1,movies
i want to watch something good 0,movies
suggest films similar to that one 2,movies
what are people watching lately 3,movies
find a movie i would enjoy 3,movies
are there any blockbusters coming soon 3,movies
what new movies just came out 3,movies
help me pick a film to watch 0,movies
show me highly rated movies this month 3,movies
do you have any movie suggestions for me 0,movies
what movies are worth watching 4,movies
find me a good movie for tonight 4,movies
tell me what movies are popular 3,movies
can you find me something to watch 1,movies
what films are critics recommending 2,movies
show me top rated movies in my genre 2,movies
i need a good movie recommendation 3,movies
what should i watch with my family 1,movies
which movies are playing near me 2,movies
give me a movie recommendation for tonight 4,movies
what films should i see this week 3,movies
find me an entertaining movie to watch 3,movies
show me critically acclaimed movies 1,movies
any new releases i should know about 0,movies
what movies does everyone recommend 3,movies
can you suggest a film i might like 1,movies
what are the best movies right now 0,movies
find movies similar to my favorites 2,movies
tell me what movies are box office hits 1,movies
what should i watch if i like horror 4,movies
show me movies available to stream today 3,movies
any hidden gem movies you can recommend 1,movies
what movies are getting good reviews 4,movies
find me a feel good movie to watch 1,movies
suggest a movie that just came out 1,movies
what movies are perfect for tonight 0,movies
are there any acclaimed films i missed 2,movies
show me upcoming movies i should watch 1,movies
what movies would you watch right now 1,movies
find a movie based on my mood 4,movies
what films are trending on social media 2,movies
can you help me find something entertaining 1,movies
what movies do critics love this season 0,movies
what film should i put on right now 4,movies
show me movies that are visually stunning 0,movies
recommend something i can watch immediately 3,movies
find me a classic movie worth rewatching 3,movies
what are some underrated films out there 4,movies
which movies have the best endings 2,movies
suggest a movie based on my mood today 4,movies
are there indie films you'd recommend 4,movies
show me movies with great soundtracks 3,movies
what movies should i see before dying 3,movies
find a foreign film that's excellent 3,movies
which films won major awards recently 4,movies
suggest a movie that's not mainstream 2,movies
what are the most quotable films ever 0,movies
show me movies set in interesting places 3,movies
find me a thought provoking film 1,movies
what movies have incredible casts 0,movies
suggest a dark comedy or thriller 3,movies
are there any sci fi films worth watching 4,movies
show me movies with strong female leads 3,movies
find a movie that will make me cry 1,movies
what films have the best cinematography 4,movies
suggest a heist or mystery movie 1,movies
which movies are surprisingly entertaining 2,movies
show me hidden gems from the past decade 3,movies
what movie should i start watching now 3,movies
help me pick something to watch tonight 4,movies
show me films with amazing twists 1,movies
do you have any movie suggestions for me 4,movies
find me a movie that's lighthearted and fun 2,movies
what are people watching these days 1,movies
recommend a movie based on my favorite actor 1,movies
show me animated films worth seeing 3,movies
which movies would you personally recommend 4,movies
find a movie under two hours long 1,movies
what movies have great dialogue 3,movies
suggest something completely different from usual 3,movies
show me romantic films that aren't cheesy 0,movies
find me an action packed movie 4,movies
what are the must watch movies of this year 3,movies
recommend a movie with a great twist ending 0,movies
show me historical dramas i should see 3,movies
find a movie that's perfect for groups 0,movies
what movies are considered modern classics 4,movies
suggest a movie with amazing special effects 3,movies
show me psychological thrillers that are gripping 4,movies
find me a family friendly movie everyone enjoys 2,movies
what movies have you been recommending lately 1,movies
suggest a movie set in an exotic location 4,movies
show me coming of age films that resonate 3,movies
give me a good film to watch today 3,movies
what should i stream right now 4,movies
tell me about a movie i might like 3,movies
find something entertaining for tonight 1,movies
any hidden gems you know about 3,movies
what film would you pick for me 4,movies
suggest a movie that will surprise me 4,movies
show me a flick worth my time 0,movies
which movie should i queue up 2,movies
what are the best watched recently 4,movies
find me something i haven't seen yet 1,movies
recommend a film that's truly original 1,movies
what movie fits this mood i'm in 2,movies
show me a picture that's absolutely gripping 1,movies
suggest something with a killer plot twist 1,movies
what film has people talking lately 2,movies
find me a blockbuster or indie surprise 3,movies
which movie came out that i missed 3,movies
recommend a flick from your top list 3,movies
what's a film everyone should experience 4,movies
suggest a movie that's visually or emotionally powerful 2,movies
show me something fresh and compelling 2,movies
find a movie that breaks the mold 0,movies
what film deserves more attention 2,movies
recommend a movie i probably overlooked 3,movies
play a movie i've never heard of 3,movies
what's good to watch this weekend 0,movies
find me something in the drama genre 4,movies
suggest a film about adventure 2,movies
show me movies from the seventies 4,movies
what movie would blow my mind 2,movies
recommend a sci-fi flick 2,movies
find a comedy that's actually funny 1,movies
what films are trending right now 2,movies
suggest a movie for date night 0,movies
show me movies with stellar cast chemistry 2,movies
give me a thriller to keep me on edge 1,movies
what movie has the best cinematography 3,movies
find me an underrated masterpiece 4,movies
recommend a film about real events 2,movies
suggest a movie that's beautifully shot 3,movies
what are some standout releases 4,movies
find a movie with a unique premise 2,movies
show me films that won major awards 2,movies
what movie should i experience before dying 1,movies
recommend a flick with strong storytelling 0,movies
suggest a movie about relationships 0,movies
find me something that's darkly funny 2,movies
what film captures the era it's set in 0,movies
show me a movie that sticks with you 2,movies
what can you play for me tonight 1,movies
i need something to watch right away 0,movies
pick a film that matches my taste 2,movies
show me what's worth watching now 2,movies
any movies you'd personally recommend 2,movies
find me a movie to unwind with 4,movies
what's a good picture to start tonight 1,movies
suggest a flick for tonight 4,movies
what movie should i check out 4,movies
find something that'll keep me hooked 1,movies
do you have a movie suggestion for me 0,movies
what film would you say is a must watch 2,movies
recommend something entertaining 3,movies
show me a movie that's really compelling 3,movies
what should i put on 3,movies
find me a film with depth and substance 4,movies
suggest a movie i can really sink into 4,movies
what's a film you think i'd enjoy 0,movies
show me something thought provoking 2,movies
find a movie that'll leave an impression 0,movies
i need a timer 3,set_timer
set up a countdown 2,set_timer
begin timing me 3,set_timer
activate the timer function 1,set_timer
make a timer for me 4,set_timer
how long should i cook 1,set_timer
count down from five minutes 3,set_timer
get a timer going 3,set_timer
kick off the timer 0,set_timer
put on a timer 4,set_timer
start the countdown please 3,set_timer
begin a new timer 4,set_timer
im ready for a timer 2,set_timer
fire up the timer 4,set_timer
initialize timer mode 1,set_timer
go ahead and time me 2,set_timer
create a timer now 4,set_timer
lets start timing 3,set_timer
turn on timer for cooking 3,set_timer
enable the countdown feature 2,set_timer
start my timing sequence 2,set_timer
i want to time something 1,set_timer
launch the timer 3,set_timer
set the countdown going 3,set_timer
let me get a timer running 1,set_timer
can you start a timer 3,set_timer
time me for this 3,set_timer
trigger the timer please 1,set_timer
begin the timing mode 3,set_timer
set the timer up 3,set_timer
activate timing now 2,set_timer
get timing started 3,set_timer
i want a timer going 0,set_timer
start counting down 3,set_timer
please initiate the timer 4,set_timer
timer mode on 0,set_timer
countdown please 1,set_timer
run the timer for me 3,set_timer
lets begin timing 0,set_timer
switch timer on 4,set_timer
start the clock 0,set_timer
bring up the timer 4,set_timer
time this for me 2,set_timer
engage the timer 3,set_timer
turn timer on now 2,set_timer
prep the timer 3,set_timer
launch countdown mode 2,set_timer
set a countdown 0,set_timer
time me now 3,set_timer
activate timer mode 2,set_timer
i need timing for this 3,set_timer
get the stopwatch going 1,set_timer
measure out some time 4,set_timer
start me a clock 4,set_timer
begin the count 3,set_timer
set a timed interval 3,set_timer
give me a timer 3,set_timer
wake me with a timer 0,set_timer
commence the timing 1,set_timer
mark the time please 2,set_timer
how much time should this take 2,set_timer
start ticking 1,set_timer
set how long this takes 3,set_timer
keep track of the time 3,set_timer
begin my timer please 0,set_timer
tick tock let's go 0,set_timer
put time on the clock 3,set_timer
let me mark the minutes 0,set_timer
start recording the time 2,set_timer
begin tracking elapsed time 0,set_timer
set duration for this 0,set_timer
clock it 1,set_timer
time the activity 0,set_timer
set the duration 2,set_timer
ready the timer now 3,set_timer
make a timer for me 4,set_timer
kick off the countdown 1,set_timer
set me a timed reminder 3,set_timer
how long will this take 0,set_timer
start timing the duration 0,set_timer
initialize countdown mode 4,set_timer
set the clock ticking 2,set_timer
i need a timed interval 4,set_timer
let the timer run 1,set_timer
begin tracking time 1,set_timer
set up time tracking 2,set_timer
activate the clock 2,set_timer
start the stopwatch please 1,set_timer
get a timer going on this 4,set_timer
commence countdown immediately 2,set_timer
set time for the task 3,set_timer
enable timing mode 4,set_timer
launch the timer now 0,set_timer
let's time this event 0,set_timer
set my timer up 1,set_timer
put a timer in place 1,set_timer
begin the timer function 4,set_timer
trigger countdown 3,set_timer
allocate time for this 0,set_timer
get timing mode active 3,set_timer
how long do we have 1,set_timer
start the clock for me 4,set_timer
set how long it needs 0,set_timer
run a timer on this 4,set_timer
begin keeping time 4,set_timer
activate timer mode 2,set_timer
set aside time for that 3,set_timer
start my countdown timer 4,set_timer
please time this for me 3,set_timer
let's get timing started 0,set_timer
set the timing going 3,set_timer
count down from here 3,set_timer
initiate the timer please 3,set_timer
create a timed session 2,set_timer
start a timed alarm 1,set_timer
begin duration tracking 0,set_timer
set and start the timer 1,set_timer
turn on the timer now 0,set_timer
manage time for this task 2,set_timer
get the timing rolling 1,set_timer
fire up a timer 0,set_timer
set the timed alert 4,set_timer
start a time interval 2,set_timer
check time on this 2,set_timer
set my countdown going 4,set_timer
wake me up in a bit 4,set_timer
how much time should i use 3,set_timer
set duration for cooking 2,set_timer
i want a timer set 0,set_timer
start measuring out the time 4,set_timer
establish a time limit 1,set_timer
get the timer working 2,set_timer
begin the time measurement 2,set_timer
set a specific time interval 1,set_timer
ready the countdown for me 3,set_timer
mark time from now 2,set_timer
put a countdown in action 2,set_timer
schedule a timed alert 0,set_timer
engage the timer function 0,set_timer
set time tracking on 3,set_timer
clock the duration please 2,set_timer
advance the timer mode 2,set_timer
need to track some time 1,set_timer
activate timing right now 0,set_timer
establish the timed duration 0,set_timer
get counting down please 3,set_timer
set a duration timer 4,set_timer
start my time tracking 2,set_timer
begin a time counter 0,set_timer
set up the timed countdown 3,set_timer
i need to time something 2,set_timer
countdown timer please 3,set_timer
how much time do i need 0,set_timer
set up a timer for me 1,set_timer
get a timer going now 2,set_timer
can you start timing 1,set_timer
trigger the timer function 0,set_timer
set the duration on this 3,set_timer
begin the timing process 0,set_timer
put a timer on that 3,set_timer
start tracking time please 0,set_timer
initialize my countdown 3,set_timer
set time for this task 4,set_timer
time this activity for me 3,set_timer
switch on the timer 2,set_timer
organize the time for this 3,set_timer
launch a timer now 0,set_timer
set the time going here 4,set_timer
prepare a timer for me 4,set_timer
start keeping track of time 4,set_timer
alert me about this later 1,reminder
i need to remember to call mom 3,reminder
set an alert for tomorrow morning 4,reminder
help me not forget the appointment 3,reminder
schedule a reminder for next week 1,reminder
remind me to pick up groceries 2,reminder
make sure i remember the deadline 3,reminder
notify me when it's time 3,reminder
don't let me forget this 4,reminder
set up a notification please 0,reminder
remind me to follow up 2,reminder
remember to book the hotel 1,reminder
tag this so i remember 0,reminder
remind me about the project 3,reminder
create a reminder for tonight 2,reminder
wake me up at six am 4,reminder
put an alert on my calendar 3,reminder
note that i need to 1,reminder
remind me in thirty minutes 1,reminder
flag this for later review 1,reminder
tell me to prepare for the meeting 1,reminder
i should be reminded about this 2,reminder
set a timer and remind me 3,reminder
leave me a note to call 2,reminder
prompt me about the important thing 3,reminder
remind me when i get home 2,reminder
send me a reminder in the morning 1,reminder
make a note to check on that 3,reminder
alert me before the conference starts 1,reminder
ping me about the deadline tomorrow 3,reminder
remember this task for me 3,reminder
set up a notification for thursday 2,reminder
jog my memory about the meeting 4,reminder
give me a heads up about the event 1,reminder
notify me to send the email 1,reminder
put a reminder on my list 1,reminder
remind me to text sarah back 0,reminder
flag this item for my attention 2,reminder
prompt me to finish the report 4,reminder
alert me about the package delivery 4,reminder
tell me to review the document 2,reminder
set a reminder for lunch time 4,reminder
i want to remember the password 2,reminder
notify me when the meeting ends 1,reminder
remind me to submit the application 0,reminder
create a notification for the event 2,reminder
alert me to pay the bill 0,reminder
help me track this important task 2,reminder
remind me to check my email 2,reminder
ping me when the package arrives 0,reminder
make sure i don't skip this 0,reminder
keep this on my radar please 4,reminder
trigger an alert for saturday afternoon 2,reminder
i need a heads up about that 4,reminder
set notifications for the training session 2,reminder
let me know when to start 2,reminder
don't let this slip my mind 1,reminder
add this to my reminders list 4,reminder
give me a prompt before the deadline 4,reminder
alert when i should call dad 0,reminder
send an alert for the appointment 4,reminder
keep me posted about this task 0,reminder
remind me about the birthday party 4,reminder
mark this as something to do 1,reminder
notify me at noon 3,reminder
set an alert for the gym class 2,reminder
help me remember the password change 4,reminder
ping me before the presentation 4,reminder
create a heads up for monday 0,reminder
alert me about the dentist visit 3,reminder
remind me to water the plants 3,reminder
set a notification for lunch break 2,reminder
notify me to start the laundry 0,reminder
make an alert for tonight 0,reminder
prompt me about the conference call 2,reminder
remind me to call the dentist 3,reminder
notify me when its time to leave 3,reminder
alert me about the team standup 0,reminder
set a reminder for the grocery shopping 0,reminder
ping me to refill my prescription 3,reminder
i need a reminder for the interview 1,reminder
make an alert when i wake up 3,reminder
remind me about the car maintenance 0,reminder
tell me when to pick up the dry cleaning 1,reminder
alert me before the flight boards 4,reminder
set a heads up for the project deadline 0,reminder
notify me to update my resume 4,reminder
ping me about the budget review 0,reminder
remind me the contract needs signing 1,reminder
make sure i remember the anniversary 4,reminder
alert me to start meal prep 4,reminder
prompt me about the client meeting 3,reminder
notify me when i should leave early 1,reminder
set an alert for the library book return 0,reminder
remind me to confirm the reservation 3,reminder
alert me about the quarterly review 2,reminder
ping me to schedule the haircut 3,reminder
notify me before the deadline passes 0,reminder
remind me to backup my files 4,reminder
set a reminder when its break time 1,reminder
jog my memory about the meeting tomorrow 4,reminder
make sure i handle the expense report 0,reminder
alert me when its time to leave 0,reminder
flag this for later today 0,reminder
remind me to reach out to sarah 0,reminder
ping me about the vet appointment 2,reminder
notify me to pay the electric bill 4,reminder
set a notification for when i get home 1,reminder
prompt me to review the contract 4,reminder
help me not forget the team lunch 0,reminder
give me a reminder about taxes 4,reminder
alert me to check the oven 0,reminder
remind me the rent is due soon 4,reminder
set an alert when the package arrives 0,reminder
notify me about the oil change 1,reminder
ping me to submit the application 4,reminder
make me remember to buy groceries 3,reminder
alert me before the concert starts 1,reminder
remind me the kids need permission slips 4,reminder
set a heads up for the annual review 4,reminder
notify me when the download finishes 4,reminder
prompt me to call the insurance company 4,reminder
remind me about the book club meeting 3,reminder
alert me to take out the trash 3,reminder
set a notification to feed the cat 0,reminder
nudge me about the software update 2,reminder
bring up the birthday dinner next week 0,reminder
wake me when i should start cooking 3,reminder
remind me the plants need watering 3,reminder
tell me when to text the contractor 0,reminder
prompt me about closing the garage door 3,reminder
give me a heads up for the gym session 2,reminder
alert me if i forget the keys 1,reminder
notify me to register for the workshop 1,reminder
set a flag for the car inspection 3,reminder
ping me about the therapy appointment 1,reminder
remind me to finish the proposal 3,reminder
make an alert for the kids pickup 2,reminder
notify me when the laundry is done 2,reminder
alert me before the store closes 2,reminder
prompt me to water the plants 0,reminder
set a reminder about the mortgage payment 2,reminder
remind me the insurance expires soon 1,reminder
notify me to check on grandma 3,reminder
ping me about renewing my passport 4,reminder
alert me when i need to leave now 2,reminder
bring to mind the dentist appointment 3,reminder
set a heads up for the parent teacher conference 3,reminder
make me think of the car wash 3,reminder
prompt me about the vaccine appointment 3,reminder
tell me when its time for lunch 1,reminder
i need to be reminded about the presentation 1,reminder
poke me about calling the plumber 2,reminder
mark this down so i remember later 1,reminder
notify me to pick up the dry cleaning 4,reminder
remind me i have a dentist visit 2,reminder
set a signal for the meeting 1,reminder
alert me about the subscription renewal 4,reminder
dont let me forget to charge my phone 2,reminder
prompt me when the timer goes off 3,reminder
nudge me to submit my timesheet 0,reminder
jot this down as a reminder 4,reminder
notify me before my flight boards 3,reminder
flag the budget review for tomorrow 2,reminder
remind me the password expires 0,reminder
alert me to refill my prescription 2,reminder
set a reminder for evening workout 0,reminder
ping me about the client meeting 3,reminder
make sure i remember the anniversary 4,reminder
notify me to back up my files 0,reminder
tell me what time it is right now 2,date_time
show me todays date 4,date_time
how late is it 0,date_time
what is the current date 2,date_time
give me the time 1,date_time
when was today 2,date_time
what day is today 1,date_time
is it still morning 0,date_time
do you know the time 2,date_time
can you tell me the date 0,date_time
whats the time now 1,date_time
what is todays date exactly 4,date_time
give me todays date please 0,date_time
how many hours into the day 0,date_time
what time should it be 2,date_time
tell me the current time 2,date_time
what is the date today 1,date_time
when is it right now 0,date_time
check what time we have 2,date_time
how much time has passed 2,date_time
what should today be 1,date_time
fetch the current date 0,date_time
let me know the time 1,date_time
what is the exact time 1,date_time
show me the date and time 4,date_time
tell me today's date and time 1,date_time
what hour are we at now 4,date_time
is it morning or afternoon 1,date_time
read me the current date 0,date_time
how late in the day are we 3,date_time
what time does my clock show 4,date_time
what is the day of the week 4,date_time
can you give me the time 4,date_time
do you have the current time 0,date_time
what's the date right now 1,date_time
tell me what day it is 3,date_time
what time do we have 2,date_time
how is the time looking 4,date_time
give me the date please 4,date_time
what's today's date exactly 2,date_time
is it afternoon already 1,date_time
check the time for me 3,date_time
what does it say today 3,date_time
tell me what time now 3,date_time
show me what time it is 4,date_time
what's the exact date today 4,date_time
can you show me the time 1,date_time
what day and time is it 1,date_time
how late are we right now 1,date_time
give me today's exact date 2,date_time
what does the clock say 1,date_time
tell me the date please 1,date_time
what time of day is it 4,date_time
is it past noon yet 0,date_time
get me the current time 4,date_time
what's the time at this moment 3,date_time
do you know what day today is 2,date_time
how many minutes into the hour 0,date_time
what is the time now 3,date_time
can you check the date for me 0,date_time
what date are we on today 4,date_time
tell me what the time shows 3,date_time
how far into the day are we 4,date_time
what time is showing right now 3,date_time
give me what date it is 4,date_time
what day falls on today 3,date_time
is it evening time yet 4,date_time
read me the time please 0,date_time
what's today 3,date_time
give me the current date and time 2,date_time
how late in the evening are we 4,date_time
what time zone am i in 0,date_time
tell me the day and date 0,date_time
what hour of the day now 4,date_time
what time should i expect 0,date_time
when does the clock strike 0,date_time
which day are we in 2,date_time
tell me if it's late 0,date_time
how many hours have passed 3,date_time
what moment in time are we 1,date_time
has the sun set yet 2,date_time
what's the precise time now 4,date_time
give me today's time 0,date_time
when will it be midnight 0,date_time
what second of the day 1,date_time
is midnight approaching 1,date_time
how many minutes til the hour 3,date_time
what point in the day 0,date_time
tell me the hours and minutes 3,date_time
when does daylight end 0,date_time
what time should i set 3,date_time
which calendar date is today 3,date_time
how much daylight is left 2,date_time
what's the date of today 1,date_time
tell me the minute now 3,date_time
is it still daytime 2,date_time
what's my current time zone 1,date_time
how late is it exactly 2,date_time
what time comes next 2,date_time
when does it turn dark 4,date_time
what time is it right now 2,date_time
tell me today's date 3,date_time
how late is it 3,date_time
what day is today 1,date_time
can you tell me the time 4,date_time
what's the current date 1,date_time
is it morning or afternoon 2,date_time
give me the time 0,date_time
what date is it 1,date_time
tell me what time it is 2,date_time
when is it right now 3,date_time
do you know the time 3,date_time
what's today's date 2,date_time
how much time has passed 1,date_time
tell me the current hour 1,date_time
what does my calendar say 3,date_time
what time should i know 2,date_time
is it already afternoon 3,date_time
give me today's date please 4,date_time
what time am i looking at 2,date_time
tell me the day of the week 0,date_time
what is the date today 3,date_time
how much of the day is left 1,date_time
what time period are we in 0,date_time
when should i check the time 0,date_time
how many days until tomorrow 3,date_time
is it evening now 0,date_time
what's the hour right now 0,date_time
tell me what day it is 1,date_time
when does this day end 0,date_time
what time were we talking about 3,date_time
how late into the evening 3,date_time
check what today's date is 3,date_time
what calendar day is this 0,date_time
is morning still going on 4,date_time
tell me the exact moment 1,date_time
what's happening time wise 2,date_time
how far through the day are we 0,date_time
what hour should i know about 4,date_time
is the afternoon still here 0,date_time
when do we hit midnight 0,date_time
what minute and hour 4,date_time
tell me the full date 3,date_time
what segment of the day 4,date_time
how close to evening now 1,date_time
what day comes after today 1,date_time
is it getting late 2,date_time
show me what date today is 4,date_time
what specific time right now 0,date_time
how near to the end of day 0,date_time
what time do we have 4,date_time
tell me the current time 4,date_time
what's the time now 0,date_time
give me today 2,date_time
when was this day 0,date_time
how's the time looking 3,date_time
what hour are we on 2,date_time
can you check the date 0,date_time
what's today 2,date_time
is it late already 1,date_time
tell me the time please 1,date_time
what date am i at 3,date_time
how much time left 1,date_time
what day and time 4,date_time
when did today start 3,date_time
let me know the time 3,date_time
what's the date right now 1,date_time
check the current time 1,date_time
what moment are we in 0,date_time
tell me the day please 3,date_time
show me my upcoming events 3,calendar
what do i have scheduled 1,calendar
tell me about tomorrow's agenda 0,calendar
am i free this afternoon 2,calendar
what meetings do i have 3,calendar
check my calendar for next week 3,calendar
do i have any conflicts today 3,calendar
what time is my first appointment 0,calendar
look up my schedule for friday 4,calendar
how many events am i booked for 3,calendar
remind me what i'm doing today 4,calendar
pull up my calendar 2,calendar
when is my next meeting 0,calendar
what's blocking off my time 0,calendar
show my events this week 1,calendar
do i have room for a meeting 2,calendar
tell me my itinerary 3,calendar
what events are coming up 1,calendar
is there anything on my schedule 3,calendar
when am i available next 2,calendar
show calendar for next month 2,calendar
what's my day looking like 2,calendar
list all my appointments 1,calendar
are there any slots open tomorrow 1,calendar
what have i got planned 0,calendar
when can i fit in a call 3,calendar
what events are booked this week 3,calendar
do i have time on monday 2,calendar
show me my friday schedule 0,calendar
what's happening next week 1,calendar
am i available later today 1,calendar
check what i'm doing tomorrow 3,calendar
how is my calendar looking 0,calendar
what's on my plate this month 4,calendar
when do i have a gap 3,calendar
tell me about my week ahead 2,calendar
are there openings thursday 3,calendar
what meetings am i attending 0,calendar
show my availability next week 0,calendar
what am i up to today 1,calendar
do i have back to back meetings 2,calendar
when's my next free slot 2,calendar
what's scheduled after this 3,calendar
look at my calendar this weekend 3,calendar
how packed is my schedule 2,calendar
what do i need to prepare for 2,calendar
when should i block time off 1,calendar
tell me what's on tap 4,calendar
are my mornings free next week 2,calendar
what events require my attention 4,calendar
show me what i'm up to tomorrow 2,calendar
got anything booked for monday 3,calendar
what's free on my calendar 3,calendar
tell me my schedule next week 0,calendar
when do i have meetings today 0,calendar
do i have gaps this friday 4,calendar
show my events for thursday 0,calendar
what am i doing this weekend 4,calendar
list my appointments for next month 2,calendar
when can i squeeze in a meeting 1,calendar
are my afternoons booked this week 4,calendar
what conflicts do i have tomorrow 2,calendar
check if i'm free on wednesday 3,calendar
how much time is left today 3,calendar
what needs my attention this week 3,calendar
show me this month's schedule 0,calendar
tell me about my evening plans 4,calendar
am i double booked anywhere 4,calendar
what time slots are open 0,calendar
when's my next available time 4,calendar
show my calendar for this week 3,calendar
what am i committed to today 3,calendar
do i have open time friday 4,calendar
what events should i know about 1,calendar
when do i have fifteen minutes free 0,calendar
is my tuesday wide open 1,calendar
what do i have going on this afternoon 1,calendar
show me gaps in my schedule 2,calendar
when am i free this weekend 4,calendar
what's my calendar blocked for today 4,calendar
do i have room for another meeting 4,calendar
tell me my commitments for wednesday 0,calendar
how many hours are booked tomorrow 3,calendar
what calendar items do i have pending 4,calendar
am i available thursday evening 4,calendar
show what's happening next monday 0,calendar
when do i need to be somewhere 4,calendar
what's clogging up my week 4,calendar
check my schedule for this coming week 0,calendar
are my evenings clear next week 2,calendar
what am i obligated to attend 4,calendar
tell me where my time is going 3,calendar
do i have any openings wednesday 4,calendar
what's marked on my calendar today 0,calendar
when do i have breathing room 4,calendar
show calendar items for next saturday 4,calendar
what do i need to carve out time for 0,calendar
am i packed today or tomorrow 4,calendar
what calendar commitments are coming up 3,calendar
when's the next available slot for me 2,calendar
what do i have penciled in today 3,calendar
am i free this entire evening 1,calendar
show me my workload for next week 1,calendar
tell me what's on tap for friday 1,calendar
when's my first meeting tomorrow 2,calendar
do i have any slots saturday afternoon 1,calendar
what's scheduled for me next tuesday 4,calendar
how packed is my day right now 1,calendar
show calendar blocks for the coming week 1,calendar
when can i find some downtime 2,calendar
what events are happening tonight 1,calendar
am i booked solid tomorrow 3,calendar
tell me what i'm locked in for 0,calendar
how many hours until i'm done today 2,calendar
what do i need to prepare for 1,calendar
check what's going on next thursday 4,calendar
are there any gaps in monday 4,calendar
what's my availability looking like 2,calendar
show me when i might have a break 3,calendar
tell me all i have lined up 4,calendar
do i have back to back meetings today 3,calendar
what time do my commitments start 4,calendar
is there anything blocking wednesday evening 0,calendar
when do i need to wrap things up 0,calendar
what's my calendar situation for october 0,calendar
pull up what's happening this week 1,calendar
give me my schedule for the next few days 3,calendar
what events am i attending this month 3,calendar
show me when i'm busiest 0,calendar
tell me my availability for tomorrow 3,calendar
do i have anything scheduled right now 4,calendar
what's booked in my calendar tomorrow 3,calendar
when is my next free moment 3,calendar
show all my meetings for this week 4,calendar
what times are already taken 2,calendar
am i available for a meeting today 3,calendar
what do i have lined up next week 1,calendar
tell me when i'm most available 4,calendar
is sunday completely free for me 3,calendar
what's my schedule look like tonight 2,calendar
how much time do i have open today 0,calendar
when should i block off time 4,calendar
show me my calendar for the month 2,calendar
what am i doing friday afternoon 0,calendar
do i have room next tuesday morning 2,calendar
tell me about my day so far 2,calendar
what's filling up my calendar right now 2,calendar
when do i have my next break 0,calendar
are there conflicts in my schedule 4,calendar
what's taking up most of my time 3,calendar
what gaps do i have this week 0,calendar
is my thursday morning free 3,calendar
show me friday's schedule 3,calendar
when can i squeeze in a call 1,calendar
list everything i'm doing tomorrow 3,calendar
do i have overlapping meetings 0,calendar
what time should i block off 4,calendar
tell me my commitments for next month 0,calendar
am i available wednesday at noon 3,calendar
how's my calendar looking 4,calendar
what's happening in my schedule soon 4,calendar
show me open slots for next week 0,calendar
when do i finish up today 3,calendar
what meetings are back to back 4,calendar
do i have any free afternoons 2,calendar
tell me when i'm available next 2,calendar
what's my busiest day this week 2,calendar
show calendar for saturday 4,calendar
are there any evening commitments 0,calendar
when should i plan my break 3,calendar
what is the weather like 4,weather
how hot is it outside 1,weather
do i need an umbrella today 1,weather
whats the forecast for tomorrow 3,weather
is it going to snow 2,weather
tell me the current conditions 0,weather
how cold will it get 4,weather
any storms heading my way 0,weather
what should i wear outside 3,weather
is it humid out there 4,weather
give me the weather update 3,weather
will it be sunny this weekend 4,weather
how much rain are we expecting 4,weather
whats the wind speed right now 0,weather
is there a chance of thunderstorms 1,weather
what are the conditions like 2,weather
how many degrees outside 0,weather
should i bring a jacket 1,weather
whats the air quality today 1,weather
is the weather changing soon 3,weather
tell me if it will freeze 4,weather
what is the visibility like 3,weather
are we getting rain this week 2,weather
how is the weather right now 4,weather
what should i expect outside 2,weather
check the weather for me 2,weather
is it clear skies today 3,weather
whats the dew point 2,weather
will tomorrow be warm 4,weather
any precipitation expected 3,weather
how is the pollen count 1,weather
tell me about the forecast 0,weather
should i grab my umbrella 3,weather
what are tonight's conditions 1,weather
is it going to be windy 0,weather
whats the uv index 4,weather
will it rain this afternoon 4,weather
how much colder is it getting 4,weather
is the weather nice outside 2,weather
should i wear shorts today 2,weather
any warnings i should know 4,weather
whats happening with the weather 4,weather
will it be dry tomorrow 2,weather
how warm will it get 1,weather
is snow in the forecast 4,weather
tell me todays weather conditions 3,weather
what kind of day will it be 1,weather
is the sun coming out 4,weather
will this rain stick around 3,weather
how is the atmospheric pressure 4,weather
is it raining right now 2,weather
what temperature should i expect 1,weather
will it be cloudy tomorrow 4,weather
how much wind are we getting 1,weather
should i prepare for severe weather 4,weather
whats the weather doing later 0,weather
is it going to be nice out 2,weather
tell me if i need a coat 2,weather
how is the sunset looking 3,weather
will there be frost tonight 2,weather
what is the current forecast 3,weather
is the weather clear at the moment 2,weather
how muggy will it be 4,weather
any chance of ice today 2,weather
whats the weather outlook for tomorrow 4,weather
is it going to warm up 4,weather
will the sun be out later 3,weather
how crisp is it outside 3,weather
is bad weather coming 2,weather
tell me about tomorrow's conditions 0,weather
will it get cooler tonight 4,weather
what is the chance of rain 2,weather
is it pleasant weather today 3,weather
how severe are the conditions 4,weather
will it stay dry this week 4,weather
what should i wear outside 3,weather
give me the weather update 1,weather
is humidity high right now 2,weather
will the storm pass soon 4,weather
how much snow are we getting 1,weather
is it freezing out there 3,weather
what does the radar show 1,weather
when will it stop raining 2,weather
is there a chance of thunderstorms 4,weather
how are conditions looking 0,weather
will it be suitable for outdoor activities 2,weather
is there air quality information 3,weather
what is the wind chill 1,weather
tell me what to expect outside 4,weather
is it safe to go out 4,weather
how long until the rain clears 3,weather
will visibility be an issue 3,weather
what is the barometric pressure 2,weather
is there a weather alert 2,weather
how many degrees will it drop 0,weather
will the clouds break up soon 3,weather
is there potential for flooding 4,weather
how much sun will we see 0,weather
what is the forecast for tonight 0,weather
will it feel colder than it looks 4,weather
is the forecast looking good 2,weather
whats happening with the weather 0,weather
do i need an umbrella today 0,weather
will it be stormy this afternoon 3,weather
how hot will it get 4,weather
is there precipitation expected 3,weather
tell me the conditions outside 4,weather
will it warm up later 2,weather
what is the dew point 1,weather
should i grab a jacket 2,weather
is it going to stay clear 0,weather
how is the air quality 0,weather
will there be any rain overnight 4,weather
what time does the sun set 1,weather
is the weather turning bad 0,weather
how strong are the winds 0,weather
will it be dry tomorrow 4,weather
what is the forecast update 3,weather
is it going to be sunny 4,weather
how cool will it get 3,weather
will there be a breeze 4,weather
is there bad weather approaching 0,weather
what should the temperature be 0,weather
will conditions improve soon 2,weather
is it going to drizzle 0,weather
any chance of rain coming in 3,weather
is the UV index high today 3,weather
what are tonight's conditions 2,weather
will it be muggy outside 1,weather
should i expect any snow 1,weather
how does the outlook look 2,weather
is there a freeze warning 0,weather
what is the current wind speed 3,weather
will the temperature drop significantly 2,weather
is there heavy rain forecast 2,weather
should i plan indoor activities 3,weather
what is the extended forecast 4,weather
will there be frost tonight 3,weather
how's the precipitation situation 3,weather
is it going to be breezy 1,weather
what can i expect tomorrow 4,weather
are there any weather advisories 1,weather
will it stay dry all day 0,weather
how warm will this afternoon get 2,weather
is the forecast changing soon 4,weather
will the sun come out 0,weather
is there a risk of hail 0,weather
what is tomorrow's high 3,weather
should i bring an extra layer 0,weather
will conditions stay stable 3,weather
what is the current temperature 0,weather
should i expect thunderstorms today 1,weather
is it humid outside right now 3,weather
will it get colder overnight 1,weather
what does tonight hold weather wise 1,weather
is there any wind picking up 4,weather
how many degrees will it drop 2,weather
are conditions favorable for outdoor plans 2,weather
will the sky stay overcast 0,weather
is there severe weather nearby 3,weather
what should i wear outside 4,weather
will it clear up this evening 3,weather
how's the barometric pressure looking 4,weather
is there a chance of lightning 0,weather
will the humidity be high today 1,weather
what is next week's outlook 1,weather
can i expect a sunny break 0,weather
is an umbrella necessary tomorrow 3,weather
what is the visibility like outside 3,weather
will wind gusts reach anything severe 0,weather
how does photosynthesis work 1,general_qa
what makes a black hole 3,general_qa
tell me about quantum mechanics 2,general_qa
who invented the internet 4,general_qa
what is machine learning 3,general_qa
describe the water cycle 4,general_qa
how do vaccines protect us 3,general_qa
what causes earthquakes 4,general_qa
explain dna and genetics 2,general_qa
who discovered penicillin 3,general_qa
what is climate change 1,general_qa
how does the human brain work 4,general_qa
what are renewable energy sources 1,general_qa
how is chocolate made 1,general_qa
tell me about ancient rome 0,general_qa
what drives ocean currents 4,general_qa
how do plants reproduce 4,general_qa
who were the first humans 2,general_qa
what is cryptocurrency 4,general_qa
how do airplanes stay up 3,general_qa
describe what bacteria are 3,general_qa
what causes the seasons 3,general_qa
how do telescopes work 4,general_qa
tell me about dinosaurs extinction 0,general_qa
what is the solar system 1,general_qa
what happens during photosynthesis 1,general_qa
can you explain black holes 4,general_qa
how does quantum physics work 2,general_qa
who came up with the internet 1,general_qa
explain what machine learning is 3,general_qa
describe how the water cycle works 1,general_qa
how do vaccines actually work 3,general_qa
what triggers earthquakes to happen 0,general_qa
tell me about dna and genetics 3,general_qa
who was responsible for penicillin 2,general_qa
what is global warming exactly 1,general_qa
how is the human brain structured 2,general_qa
what counts as renewable energy 4,general_qa
how do people make chocolate 0,general_qa
tell me about the roman empire 1,general_qa
what causes ocean currents to move 2,general_qa
how do plants make new plants 4,general_qa
what were early humans like 1,general_qa
explain cryptocurrency and how it works 4,general_qa
why do airplanes fly so high 0,general_qa
what are bacteria and what do they do 1,general_qa
why do we have different seasons 4,general_qa
how are telescopes designed and used 3,general_qa
why did dinosaurs go extinct 2,general_qa
what is our solar system made of 0,general_qa
how is steel manufactured 4,general_qa
what are the planets in order 4,general_qa
who created the steam engine 4,general_qa
explain how photography works 2,general_qa
what causes volcanic eruptions 3,general_qa
how do bees make honey 1,general_qa
tell me about ancient egypt 2,general_qa
what is artificial intelligence used for 1,general_qa
how does the immune system function 1,general_qa
what are plate tectonics exactly 1,general_qa
who invented the printing press 1,general_qa
how do sound waves travel 2,general_qa
explain what mitochondria do 4,general_qa
what causes hurricanes and tornadoes 0,general_qa
how are medicines developed and tested 4,general_qa
tell me about the renaissance period 0,general_qa
what is nuclear fusion and fission 2,general_qa
how do animals migrate long distances 1,general_qa
who discovered gravity and motion laws 0,general_qa
what makes a river flow downstream 1,general_qa
how do computers process information 2,general_qa
explain the concept of evolution 0,general_qa
what causes acid rain to form 0,general_qa
how do birds learn to fly 4,general_qa
tell me about the great wall of china 0,general_qa
how do magnets work and why 0,general_qa
what exactly is climate change 3,general_qa
tell me about the moon phases 0,general_qa
how do neurons communicate in brains 4,general_qa
what is photosynthesis used for 1,general_qa
why do metals conduct electricity 4,general_qa
how are diamonds formed underground 4,general_qa
what causes lightning during storms 0,general_qa
explain how embryos develop 3,general_qa
tell me about the carbon cycle 3,general_qa
how does fermentation create alcohol 2,general_qa
what makes the ocean salty 0,general_qa
why do stars twinkle at night 0,general_qa
how do telescopes magnify images 2,general_qa
what is the greenhouse effect 1,general_qa
explain how engines work internally 1,general_qa
tell me about fossils and paleontology 3,general_qa
why do we need sleep and rest 4,general_qa
how does friction affect movement 1,general_qa
what causes tides in oceans 1,general_qa
how is paper made from trees 4,general_qa
tell me about the human skeleton 4,general_qa
why do objects fall downward 4,general_qa
how do batteries store electrical energy 0,general_qa
what makes rocks and minerals different 3,general_qa
describe how vaccines work against disease 0,general_qa
what is the structure of dna molecules 3,general_qa
how do volcanoes erupt and form 3,general_qa
why is water essential for life 0,general_qa
tell me about black holes in space 1,general_qa
how does the heart pump blood through 1,general_qa
what causes earthquakes to occur 1,general_qa
explain the water cycle to me 2,general_qa
how do plants absorb nutrients from soil 2,general_qa
what makes light bend through prisms 3,general_qa
who first theorized about relativity 3,general_qa
how does weather forecasting actually work 3,general_qa
what is genetic engineering and why 0,general_qa
explain how rain forms from clouds 1,general_qa
how do submarines stay underwater so long 3,general_qa
what causes sunrise and sunset colors 2,general_qa
tell me about different types of rocks 0,general_qa
how does the brain control our body 3,general_qa
what is oxidation and how does it happen 1,general_qa
explain why leaves change colors 4,general_qa
how do animals hibernate through winters 3,general_qa
what makes some metals radioactive 0,general_qa
how does electricity travel through wires 1,general_qa
tell me about the layers of earth 0,general_qa
why do some materials reflect light 3,general_qa
how did the universe begin 0,general_qa
what are the benefits of exercise 2,general_qa
can you explain quantum physics 1,general_qa
what happens during photosynthesis 1,general_qa
describe the layers inside mountains 0,general_qa
how do sound waves travel through air 0,general_qa
why is biodiversity important for ecosystems 3,general_qa
what causes ice ages and climate shifts 3,general_qa
how do fungi decompose organic matter 3,general_qa
tell me about artificial intelligence systems 1,general_qa
what is the difference between weather and climate 0,general_qa
how do animals use echolocation underwater 1,general_qa
why do plants need sunlight for survival 1,general_qa
what causes muscle growth after exercise 2,general_qa
how do computers process binary code 2,general_qa
explain the concept of entropy in thermodynamics 1,general_qa
what triggers a tsunami or tidal wave 1,general_qa
how do antibodies fight infections in body 1,general_qa
why is oxygen essential for combustion 3,general_qa
what creates different soil types and textures 3,general_qa
how does natural selection drive evolution 2,general_qa
what are the properties of noble gases 2,general_qa
how do mirror reflections actually occur 2,general_qa
tell me about the nitrogen cycle 3,general_qa
what makes viruses different from bacteria 4,general_qa
what does dna contain in our cells 3,general_qa
how does photosynthesis produce oxygen exactly 1,general_qa
why do stars shine so bright 1,general_qa
explain what causes tides in oceans 1,general_qa
how is steel made from iron ore 3,general_qa
what creates the aurora borealis effect 3,general_qa
tell me about how fossils form 2,general_qa
why do magnets attract certain metals 2,general_qa
how does digestion break down our food 2,general_qa
what is dark matter in the universe 0,general_qa
why do we need calcium in bones 3,general_qa
explain how hurricanes form over water 0,general_qa
what makes a diamond so hard 1,general_qa
how do birds navigate during migration 2,general_qa
what causes chemical reactions between elements 1,general_qa
why is the ozone layer so critical 1,general_qa
how does jet propulsion work in planes 2,general_qa
tell me what nebulae really are 1,general_qa
why do we see rainbows after rain 4,general_qa
how does osmosis work in cell membranes 4,general_qa
give me an interesting fact 0,facts
what is a cool fact 2,facts
share something factual with me 2,facts
i want to learn a fact 1,facts
do you know any facts 0,facts
tell me something true 1,facts
what facts do you have 3,facts
show me a fact please 2,facts
facts about anything 3,facts
can you share a fact 0,facts
give me facts 0,facts
what should i know 0,facts
tell me something interesting 1,facts
provide a random fact 2,facts
i need a fact 1,facts
facts for today 1,facts
what are some facts 0,facts
say a fact 0,facts
hit me with a fact 2,facts
facts on any topic 2,facts
let me hear a fact 0,facts
share facts with me 1,facts
got any facts for me 1,facts
facts please 3,facts
entertain me with facts 1,facts
surprise me with something factual 0,facts
what do you know about that 1,facts
educate me with a fact 2,facts
give me something interesting to learn 4,facts
i would like to hear a fact 0,facts
what is worth knowing 2,facts
facts on everything 3,facts
tell me what you know 2,facts
any facts you can share 4,facts
show me something i should know 0,facts
drop a fact on me 2,facts
what fascinating thing do you know 0,facts
teach me something new 4,facts
fact time please 1,facts
knowledge please 4,facts
what should i be aware of 1,facts
tell me interesting information 0,facts
give me something to think about 4,facts
facts for my brain 3,facts
what is something cool 3,facts
enlighten me with a fact 4,facts
spill some knowledge 1,facts
what do i need to know 0,facts
bring me some facts 0,facts
tell me something worthwhile 3,facts
share a fact with me 2,facts
what is an amazing fact 4,facts
feed me some facts 4,facts
any interesting facts out there 0,facts
tell me a random fact 3,facts
what would you tell me 1,facts
give me some knowledge 0,facts
facts on something random 1,facts
what fact do you have for me 2,facts
let me know a fact 1,facts
what is something fascinating 2,facts
share something i should know 4,facts
can you teach me a fact 1,facts
what is something remarkable 1,facts
facts about the world 1,facts
tell me what is true 2,facts
what would be cool to know 2,facts
give me a fact about anything 2,facts
facts on whatever you want 1,facts
what is something noteworthy 3,facts
share knowledge with me 1,facts
what fact can you provide 1,facts
facts to expand my mind 3,facts
what is something astounding 3,facts
tell me something i should hear 2,facts
hit me with a fact 0,facts
give me something to know 1,facts
what would surprise me 2,facts
facts please 1,facts
tell me something remarkable 1,facts
what is worth learning 1,facts
share an interesting fact 2,facts
inform me with a fact 0,facts
what should i find out 0,facts
gimme a fact 4,facts
what can you teach me 2,facts
facts about random things 0,facts
what is something i missed 1,facts
enlighten me 0,facts
share what you know 0,facts
what fact interests you 0,facts
give me wisdom 1,facts
what would you recommend 4,facts
tell me facts 1,facts
what is something valuable 4,facts
facts on any topic 3,facts
what do you find interesting 1,facts
share your knowledge 0,facts
what should fascinate me 0,facts
tell me something awesome 0,facts
educate me about something 4,facts
show me something cool 4,facts
what is worth knowing 1,facts
give me a random piece of trivia 1,facts
what do you think is cool 4,facts
tell me something unexpected 4,facts
what should grab my attention 3,facts
share a tidbit with me 1,facts
what would blow my mind 0,facts
give me some facts 3,facts
what is peculiar 1,facts
fill me in on something 2,facts
what have i never heard 0,facts
tell me about something unique 3,facts
what makes you curious 1,facts
share something unusual 1,facts
what fact would help me 0,facts
give me a piece of trivia 2,facts
what is extraordinary 1,facts
tell me what you know 1,facts
what deserves my attention 4,facts
enlighten me with facts 1,facts
what is surprising to learn 4,facts
share trivia with me 4,facts
what do you find remarkable 2,facts
what is something fascinating 3,facts
drop a fact on me 3,facts
teach me something new 3,facts
what should i learn today 2,facts
give me an interesting tidbit 3,facts
what fact would you share 4,facts
tell me something i don't know 3,facts
what do you find compelling 4,facts
share a lesser known fact 2,facts
what is noteworthy 2,facts
facts about anything 1,facts
what knowledge do you have 2,facts
enlighten me with something 3,facts
what would intrigue me 3,facts
give me a fact about something 0,facts
what is surprising 4,facts
tell me what's interesting 0,facts
what should i discover 2,facts
share something eye opening 4,facts
what fact should i hear 2,facts
what is an interesting detail 0,facts
educate me with facts 3,facts
what would i enjoy knowing 0,facts
give me an unusual fact 2,facts
what is worth your mention 1,facts
i want to learn something 4,facts
hit me with a fact 1,facts
what is uncommon knowledge 3,facts
share what you know about 1,facts
surprise me with information 0,facts
what would expand my mind 0,facts
give me something to ponder 3,facts
what is rarely talked about 3,facts
tell me what's remarkable 3,facts
what can you inform me of 0,facts
share an overlooked detail 3,facts
what deserves to be known 0,facts
inform me about something 1,facts
what is thought provoking 2,facts
lay some knowledge on me 2,facts
what would astonish me 0,facts
tell me the interesting part 4,facts
what have you learned 1,facts
share something i should know 4,facts
what fact intrigues you most 4,facts
what is the traffic situation 4,traffic
tell me about current conditions 0,traffic
is traffic bad right now 2,traffic
check traffic on my route 0,traffic
how congested are the roads 1,traffic
any accidents on the highway 4,traffic
give me traffic updates 2,traffic
are there delays heading downtown 0,traffic
what route should i take 3,traffic
is the freeway moving 0,traffic
traffic report for commute 0,traffic
show me congestion levels 1,traffic
how long is my drive 3,traffic
any backups near here 4,traffic
what are travel times like 3,traffic
is it a good time to leave 2,traffic
check if roads are clear 4,traffic
how is traffic flowing today 1,traffic
any incidents i should know about 3,traffic
which way has less traffic 0,traffic
tell me about delays 0,traffic
is the commute moving smoothly 4,traffic
what conditions should i expect 4,traffic
are highways jammed up 1,traffic
give me the fastest route 4,traffic
do i need to leave early 2,traffic
whats the traffic like out there 2,traffic
any slowdowns on my commute 2,traffic
how busy is the expressway 4,traffic
should i take a different route 0,traffic
are roads blocked anywhere 3,traffic
tell me if theres heavy traffic 3,traffic
hows the drive looking 2,traffic
any problems on the main roads 3,traffic
is there congestion ahead 4,traffic
whats going on with traffic 1,traffic
can you check the roads 4,traffic
how long until traffic clears 3,traffic
are there any detours i need 0,traffic
is it peak traffic time 1,traffic
what should i avoid driving through 1,traffic
tell me the fastest way there 3,traffic
any trouble spots on the highway 0,traffic
hows my route looking right now 4,traffic
is there construction blocking traffic 1,traffic
whats the best time to drive 4,traffic
are surface streets better 0,traffic
any major tie ups out there 2,traffic
how does traffic look ahead 4,traffic
should i wait before leaving 3,traffic
is there a faster way home right now 0,traffic
what are speeds like on my usual route 3,traffic
am i going to hit rush hour traffic 2,traffic
tell me if the interstate is clear 1,traffic
how backed up is downtown at this hour 2,traffic
what route avoids the jam 2,traffic
is local traffic moving okay 2,traffic
any crashes slowing things down 3,traffic
should i take surface streets instead 4,traffic
whats the holdup on the highway 3,traffic
give me alternate routes with less traffic 3,traffic
are freeways backed up near me 1,traffic
how many minutes to get across town 3,traffic
is the bridge area congested 1,traffic
tell me where traffic is worst 4,traffic
can you find me a quicker route 3,traffic
whats slowing down the main roads 3,traffic
how is morning traffic shaping up 0,traffic
any pile ups i should know about 2,traffic
is it worth waiting for traffic to clear 2,traffic
what are road conditions looking like 2,traffic
are there any closures affecting my drive 4,traffic
how bad is traffic in that direction 0,traffic
tell me the least congested route 4,traffic
is the arterial moving smoothly 0,traffic
check if the commute is backed up 2,traffic
how much delay should i expect 4,traffic
is there anything blocking the route 0,traffic
what are the current street conditions 1,traffic
when will this traffic jam clear 2,traffic
are there accidents on the way 4,traffic
tell me which roads are moving best 3,traffic
is the highway passable right now 1,traffic
should i reschedule my departure time 2,traffic
whats causing the slowdown out there 3,traffic
give me a traffic update for my area 2,traffic
how congested are things this moment 2,traffic
are tolls roads less crowded today 0,traffic
what roads would you recommend taking 1,traffic
is there a quicker path available 3,traffic
tell me about delays near my location 1,traffic
is rush hour traffic happening now 2,traffic
how is the general traffic situation 0,traffic
are freeways clear in my direction 4,traffic
what time should i leave to avoid traffic 3,traffic
is the gridlock clearing up soon 0,traffic
tell me which way is least crowded 1,traffic
are major roads experiencing delays 3,traffic
how long would the drive take now 0,traffic
should i find an alternate way there 3,traffic
is the traffic flowing well right now 4,traffic
what congestion levels are on the expressway 1,traffic
tell me which streets are clear at this hour 3,traffic
how congested is the commute today 2,traffic
are there any detours i should consider 4,traffic
what's the fastest way through town 2,traffic
is traffic heavier than usual 1,traffic
can you check conditions on my route 2,traffic
how badly is the road backed up 2,traffic
what areas should i avoid driving through 2,traffic
is the main thoroughfare moving freely 1,traffic
tell me if there are any road incidents 1,traffic
how's the flow on the expressway this morning 4,traffic
should i wait before heading out 2,traffic
what's causing delays in this area 1,traffic
are the streets passable at this moment 1,traffic
which route has the lightest traffic 1,traffic
is there severe congestion anywhere 0,traffic
how far back does traffic extend 4,traffic
tell me about the current road situation 3,traffic
what's the travel time to my destination 3,traffic
are highways moving at normal speed 2,traffic
is this a good time to drive 3,traffic
what roads have the best flow right now 4,traffic
are there unexpected hold ups today 2,traffic
is my commute going to be slow 4,traffic
show me live traffic conditions now 2,traffic
which exit should i take instead 2,traffic
how many minutes added to my drive 1,traffic
is the expressway congested at all 0,traffic
tell me whats happening on the highway 4,traffic
should i leave earlier than planned 4,traffic
are there any incidents near me 4,traffic
what's the best route right now 3,traffic
is anything blocking my usual commute 4,traffic
how severe is traffic in my area 0,traffic
can you suggest a faster way 4,traffic
is the road clear for traveling 4,traffic
what time has the worst traffic flow 2,traffic
are side streets less crowded today 0,traffic
will traffic be better if i wait 3,traffic
is my normal route available now 2,traffic
what issues are on the roads today 4,traffic
how's driving looking for right now 2,traffic
are alternate routes less busy 0,traffic
should i change my departure plans 4,traffic
what is the traffic density currently 0,traffic
is congestion building up out there 2,traffic
tell me how to avoid traffic jams 1,traffic
which way gets me there fastest 3,traffic
what delays should i expect on my drive 0,traffic
are the roads backed up this afternoon 2,traffic
show me traffic around my location 0,traffic
is there an accident slowing things down 2,traffic
how's the rush hour looking today 4,traffic
can i get a traffic report for my area 1,traffic
what's blocking the main highway right now 2,traffic
are surface streets moving better than highways 1,traffic
is it a bad time to leave for work 4,traffic
how much slower is traffic than normal 0,traffic
tell me if the interstate is clear 4,traffic
what's the estimated arrival with current traffic 2,traffic
are there construction zones affecting my route 0,traffic
is traffic lighter on alternate roads today 0,traffic
how long until traffic clears up 0,traffic
what incident is causing this backup 1,traffic
should i take surface streets instead 3,traffic
is the commute reasonable at this moment 4,traffic
what's the situation on the main roads 3,traffic
are roads passable for my planned route 3,traffic
how do i get to the grocery store 4,directions
take me to the nearest gas station 2,directions
what is the quickest way to downtown 2,directions
show me how to reach the library 2,directions
can you guide me to the beach 1,directions
where should i go for the subway station 2,directions
lead me to the pizza restaurant 1,directions
find a route to the movie theater 3,directions
how do i reach the train station 3,directions
navigate me to the park 2,directions
what direction is the hotel 4,directions
where is the nearest coffee shop from here 4,directions
i need to get to the office building 2,directions
can you help me find the museum 4,directions
show me the way to central park 0,directions
how far is the post office 4,directions
direct me to the shopping center 0,directions
where can i find the dog park 4,directions
take me to the nearest bank 1,directions
guide me to the sports arena 1,directions
what path leads to the hospital 0,directions
can i get directions to the restaurant 1,directions
show me a path to the university 2,directions
how do i navigate to main street 4,directions
where is the nearest car rental from here 1,directions
get me to the train station 4,directions
which way to the airport 4,directions
route me to the nearest pharmacy 0,directions
how to reach downtown from here 3,directions
find me directions to the mall 1,directions
can you show me to the bakery 2,directions
what is the path to the school 4,directions
lead me toward the metro station 2,directions
where do i go for the hospital 3,directions
navigate me to the parking garage 0,directions
show the quickest route to the office 4,directions
how do i get to main street 0,directions
take me toward the convention center 2,directions
where is the way to the marketplace 1,directions
guide me to the nearest salon 1,directions
what direction for the stadium 2,directions
find the route to the community center 2,directions
how to navigate to the waterfront 0,directions
direct me toward the theater 1,directions
can you guide me to the clinic 1,directions
show me directions to the bridge 0,directions
where should i head for the museum 3,directions
take me to downtown area 4,directions
what path goes to the pier 1,directions
navigate toward the highway exit 0,directions
where is the nearest exit 4,directions
how do i get there from here 1,directions
take me to that place 3,directions
what is the fastest route 3,directions
can you show me the way 4,directions
navigate to that location please 4,directions
which direction should i go 3,directions
lead me over there 4,directions
how far to the destination 0,directions
show me where to turn 4,directions
route me there now 0,directions
where do i need to go 4,directions
what way is closest 3,directions
guide me through this route 3,directions
take me to that address 2,directions
how to get from here 0,directions
find the best way there 1,directions
direct me that way please 1,directions
can you navigate me there 3,directions
show me the directions 2,directions
where is it located exactly 4,directions
lead me to my destination 1,directions
what is the route details 0,directions
navigate me using gps 4,directions
how to reach that spot 3,directions
i need directions to the grocery store 4,directions
how do i get to the beach 4,directions
take me to the nearest gas station 3,directions
where is the library from my location 3,directions
navigate to the restaurant district 0,directions
can you help me find the courthouse 4,directions
show me how to reach the movie theater 4,directions
what route to the dog park 4,directions
guide me to the botanical garden 4,directions
direct me toward the art museum 0,directions
where should i drive for the fitness center 2,directions
how to get to the post office 1,directions
navigate me to the outdoor market 0,directions
can you show me to the bookstore 1,directions
what is the path toward downtown 2,directions
find directions for me to the dentist 0,directions
take me to that intersection 3,directions
how do i reach the university campus 0,directions
where is the restaurant that way 2,directions
guide me to the nearest coffee shop 3,directions
show me route options to the bank 2,directions
direct me to the concert venue 2,directions
navigate toward that street address 3,directions
how do i get to the sports complex 0,directions
where should i head to the aquarium 1,directions
get me to the train station 0,directions
what is the way to city hall 3,directions
navigate me to that shopping center 1,directions
how to drive to the hospital from here 1,directions
show me paths to the airport terminal 0,directions
where is the route to the fire station 4,directions
take me by way of the main street 2,directions
can you plot a course to that park 3,directions
guide me toward the convention center 0,directions
what directions lead to the harbor 2,directions
direct me through the fastest passage 0,directions
how do i navigate to that building 1,directions
lead me along the scenic route option 2,directions
show me the way to the train depot 0,directions
navigate to that street in the city 4,directions
where should i go for the stadium 0,directions
take me down to the riverside district 4,directions
what way gets me to the courthouse fastest 2,directions
can you guide me on the route there 1,directions
how to find my way to that venue 0,directions
show me directions via the main highway 4,directions
navigate me to the shopping district area 3,directions
where is the shortcut to that location 3,directions
direct me along the alternate route 1,directions
guide me to that destination address please 2,directions
how do i get there from here 4,directions
what is the best way to go 2,directions
can you navigate me there 1,directions
show me the route please 0,directions
find the quickest path for me 2,directions
where should i drive 0,directions
guide me to that spot 1,directions
take me to that place 1,directions
how do i get to there 1,directions
what is the path i should take 0,directions
navigate me to that area 4,directions
show me how to drive there 2,directions
direct me to that location 1,directions
can you find the route for me 0,directions
which way should i go 4,directions
guide me along that way 0,directions
what route do you recommend 4,directions
take me via the best path 1,directions
how would i get to there 2,directions
show me directions for this trip 2,directions
where is the way from here 0,directions
can you lead me there 4,directions
direct me along that direction 1,directions
what is the fastest way there 1,directions
navigate me along that path 0,directions
how do i reach that destination 2,directions
route me to the downtown area 1,directions
which way to the waterfront 4,directions
lead me through the city to there 0,directions
can you direct me somewhere specific 3,directions
i need guidance to that address 0,directions
what streets do i take 4,directions
show me how to get somewhere 0,directions
navigate through town to my destination 2,directions
where does this road lead to 2,directions
guide me to that place on the map 4,directions
what is the pathway there 4,directions
take me along the main route 3,directions
direct me past the downtown 3,directions
how far to get to that spot 3,directions
can you lead me via the expressway 3,directions
show me the driving directions 4,directions
navigate me across town please 0,directions
which direction should i head 1,directions
guide me to that specific destination 1,directions
i need to get groceries 3,shopping_list
remind me to pick up milk 2,shopping_list
we should get bananas 1,shopping_list
put chicken on my list 4,shopping_list
grab some cheese when you shop 2,shopping_list
note that i need pasta 4,shopping_list
remember to buy orange juice 1,shopping_list
can you add tomatoes please 0,shopping_list
jot down coffee for me 4,shopping_list
make sure we get vegetables 3,shopping_list
throw salmon on the shopping list 0,shopping_list
keep track of butter 1,shopping_list
what should i get at the store 3,shopping_list
pencil in some berries 0,shopping_list
i gotta remember cereal 1,shopping_list
mark down that we need flour 3,shopping_list
stick yogurt on my grocery list 2,shopping_list
dont forget about olive oil 2,shopping_list
file this down as a thing to get 2,shopping_list
log nuts into my shopping list 4,shopping_list
record that i need apples 1,shopping_list
include garlic when you shop 0,shopping_list
save chocolate to my list 0,shopping_list
make note we need potatoes 1,shopping_list
set a reminder for laundry detergent 2,shopping_list
add tofu to what we need 3,shopping_list
stock up on bread 2,shopping_list
get some carrots and onions 3,shopping_list
i should buy toilet paper 2,shopping_list
put honey on my grocery list 1,shopping_list
dont let me forget spinach 3,shopping_list
can you remember pasta sauce 0,shopping_list
add almonds to the list 0,shopping_list
we need dish soap 1,shopping_list
remind me about ground beef 4,shopping_list
capture mushrooms on my list 2,shopping_list
include oats in my shopping 2,shopping_list
i need to grab avocados 4,shopping_list
store peanut butter in memory 3,shopping_list
add fish fillets please 4,shopping_list
make sure we buy lemons 0,shopping_list
track down some canned beans 4,shopping_list
pencil in soy sauce 3,shopping_list
remember to grab napkins 2,shopping_list
put cranberries on the shopping list 4,shopping_list
we need to get sunflower oil 2,shopping_list
add lentils to my purchases 3,shopping_list
jot down sweet potatoes 3,shopping_list
i gotta pick up quinoa 0,shopping_list
log coconut milk into my list 1,shopping_list
pick up some eggs from the store 1,shopping_list
remind me i need rice 1,shopping_list
can you track bell peppers for me 2,shopping_list
add chicken thighs to our shopping 2,shopping_list
we should get some bread 2,shopping_list
jot down that we need milk 2,shopping_list
put blueberries on my list please 2,shopping_list
mark almonds as something to buy 0,shopping_list
make a note about buying shrimp 1,shopping_list
remind me to grab oat milk 1,shopping_list
add diced tomatoes to shopping list 4,shopping_list
save asparagus to my list 2,shopping_list
note that we need baking soda 0,shopping_list
remember to get hummus 3,shopping_list
can you add toothpaste to my list 3,shopping_list
pencil in some cheddar cheese 0,shopping_list
dont let me forget about salmon 0,shopping_list
log walnuts that i need 3,shopping_list
put cilantro on the grocery list 1,shopping_list
include ginger root when shopping 2,shopping_list
record that i should get tortillas 4,shopping_list
track beef broth on my list 1,shopping_list
add eggplant to what we need 4,shopping_list
remind me about getting paprika 0,shopping_list
jot pork chops down for later 1,shopping_list
grab some frozen vegetables please 4,shopping_list
we need butter and eggs 2,shopping_list
add greek yogurt to shopping 3,shopping_list
remember almonds for snacking 0,shopping_list
put garlic on the list 3,shopping_list
can you note down biscuits 3,shopping_list
stock some canned tuna 0,shopping_list
remind me about orange juice 4,shopping_list
add black beans to our list 4,shopping_list
jot down laundry detergent 3,shopping_list
get some fresh basil please 3,shopping_list
put whole wheat flour in there 0,shopping_list
dont forget the bacon 0,shopping_list
track that we need vinegar 2,shopping_list
add feta cheese to shopping 1,shopping_list
make sure to get olives 3,shopping_list
remind me i need sour cream 0,shopping_list
capture red peppers on list 2,shopping_list
log that we should buy spaghetti 4,shopping_list
pencil in turkey breast 3,shopping_list
we gotta grab some tea bags 2,shopping_list
include cottage cheese when shopping 0,shopping_list
add romaine lettuce to our purchases 3,shopping_list
put ketchup on the grocery list 4,shopping_list
note down that we need almonds 3,shopping_list
add coffee beans to my cart 2,shopping_list
i need to remember honey 2,shopping_list
could you track spinach for me 4,shopping_list
put peanut butter on the list 1,shopping_list
make sure i get avocados 2,shopping_list
remind me about buying carrots 4,shopping_list
add pasta sauce to shopping 0,shopping_list
log that we need coconut milk 0,shopping_list
jot down some chicken breast 0,shopping_list
note brown rice for the pantry 0,shopping_list
get some fresh berries please 1,shopping_list
remind me to grab olive oil 4,shopping_list
add mushrooms to what we need 3,shopping_list
put broccoli on our shopping list 3,shopping_list
track that i should buy almonds 0,shopping_list
include canned chickpeas when shopping 1,shopping_list
we need to grab some apples 0,shopping_list
add parmesan to my list please 1,shopping_list
dont let me forget the beans 1,shopping_list
can you save greek olives for me 2,shopping_list
make a note about getting walnuts 0,shopping_list
remind me we need cranberry juice 0,shopping_list
put sweet potatoes on the list 1,shopping_list
add ground beef to shopping 1,shopping_list
jot down that we need vanilla extract 0,shopping_list
pick up some mozzarella cheese 2,shopping_list
add cabbage to the list 2,shopping_list
remember to get sunflower oil 2,shopping_list
include bell peppers in shopping 3,shopping_list
put oatmeal on my cart 3,shopping_list
note that we need mayonnaise 1,shopping_list
remind me about buying salmon 0,shopping_list
track some cheddar for the fridge 4,shopping_list
jot down hummus please 4,shopping_list
we should grab some tofu 2,shopping_list
add milk and bread to list 3,shopping_list
make sure to stock tortillas 1,shopping_list
capture that we need paprika 2,shopping_list
remind me i should buy shrimp 0,shopping_list
put bananas on our purchases 2,shopping_list
log some white rice 4,shopping_list
include hot sauce when shopping 4,shopping_list
get almonds for the pantry 3,shopping_list
note down that we need garlic bread 1,shopping_list
add halibut to shopping please 2,shopping_list
remind me we should get lettuce 0,shopping_list
track that i need soy sauce 1,shopping_list
jot down some zucchini 1,shopping_list
put walnuts in the cart 2,shopping_list
can you make a note about honey butter 0,shopping_list
add basil to my shopping cart 3,shopping_list
stock up on canned tuna 0,shopping_list
please remind me about yogurt 1,shopping_list
grab some fresh tomatoes for dinner 4,shopping_list
make note that we need quinoa 4,shopping_list
put eggs and milk in the cart 3,shopping_list
do not forget the black beans 0,shopping_list
remember to pick up ginger root 0,shopping_list
add cilantro and limes to cart 1,shopping_list
we need to stock some orange juice 2,shopping_list
jot down some sea salt please 0,shopping_list
include frozen broccoli when you shop 0,shopping_list
remind me i need new pasta 0,shopping_list
track turkey for thanksgiving 1,shopping_list
add caramel sauce to shopping 1,shopping_list
save balsamic vinegar on my list 2,shopping_list
put coconut flour on the list 2,shopping_list
note that spinach is needed 3,shopping_list
grab some pork chops please 4,shopping_list
remind me we need wasabi 3,shopping_list
can you lower the brightness 3,smart_home
make the bedroom warmer 4,smart_home
shut down all the lights 2,smart_home
i need more light in here 2,smart_home
set the temperature to seventy 1,smart_home
turn the music up louder 0,smart_home
open the front door please 4,smart_home
lock all doors for the night 4,smart_home
increase the fan speed 1,smart_home
close the blinds in the living room 3,smart_home
put on the kitchen lights 4,smart_home
is the garage door closed 2,smart_home
turn down the thermostat 0,smart_home
activate movie mode 1,smart_home
make it darker in here 0,smart_home
stop the washing machine 2,smart_home
turn on the bedroom speaker 0,smart_home
lower the volume 0,smart_home
adjust the shower temperature 2,smart_home
unlock the back door 3,smart_home
brighten up the patio 0,smart_home
start the coffee maker 1,smart_home
switch everything off 2,smart_home
keep the lights dimmed 4,smart_home
turn up air conditioning 0,smart_home
can you open the garage door 3,smart_home
make it cooler in the bedroom 1,smart_home
turn on the porch light 2,smart_home
lower the air conditioning 0,smart_home
switch off the tv 2,smart_home
brighten the bathroom lights 0,smart_home
close the front door 0,smart_home
dim the living room lights 0,smart_home
turn off the outdoor speakers 1,smart_home
set the ac to sixty five 3,smart_home
lock the front door 2,smart_home
turn on the bedside lamp 3,smart_home
lower the music volume 2,smart_home
heat up the house 4,smart_home
turn on the backyard lights 3,smart_home
adjust the fan to medium 2,smart_home
turn off the bedroom lights 4,smart_home
unlock the garage door 3,smart_home
boost the kitchen lights 4,smart_home
switch on the hallway lamp 0,smart_home
make the house cooler 4,smart_home
turn down the speaker volume 4,smart_home
close the bedroom blinds 0,smart_home
turn on the entryway lights 2,smart_home
stop the dryer 2,smart_home
power down the living room lamp 0,smart_home
what is the current temperature 3,smart_home
set brightness to maximum 3,smart_home
enable night mode throughout the house 0,smart_home
lower the bedroom shades 1,smart_home
can you mute the speakers 4,smart_home
turn up the heater 0,smart_home
open all the window blinds 4,smart_home
is the front door locked 4,smart_home
control the outdoor temperature 3,smart_home
switch the hallway to low lighting 1,smart_home
turn on the study lamp 3,smart_home
reduce the thermostat by five degrees 3,smart_home
activate the patio lights 2,smart_home
close the kitchen blinds 1,smart_home
can you restart the dishwasher 0,smart_home
dim everything down 2,smart_home
unlock my front entrance 2,smart_home
boost the fan speed up 1,smart_home
turn on ambient light mode 4,smart_home
turn off the sprinkler system 4,smart_home
set the living room to bright 3,smart_home
shut the garage immediately 1,smart_home
make the bedroom brighter 3,smart_home
increase temperature to seventy five 2,smart_home
switch the lights to dimmer mode 2,smart_home
activate the guest bedroom lamp 3,smart_home
lower the basement temperature 2,smart_home
turn off the kitchen exhaust fan 3,smart_home
can you brighten my office 0,smart_home
start the washer machine 3,smart_home
set ac cooler than now 2,smart_home
power on the deck lights 4,smart_home
close all the interior blinds 0,smart_home
turn the porch lights off 2,smart_home
unlock the sliding glass door 4,smart_home
reduce the basement light brightness 3,smart_home
switch off the bathroom exhaust 4,smart_home
turn up the oven temperature 4,smart_home
set the garage light to bright 3,smart_home
turn on the foyer lights 2,smart_home
lower my bedroom temperature 3,smart_home
adjust the living room brightness down 1,smart_home
stop running the coffee maker 4,smart_home
increase the hallway light level 0,smart_home
open the side yard gate 1,smart_home
turn off the patio heater 2,smart_home
dim the study lights please 1,smart_home
activate the front gate lock 1,smart_home
turn on my bedside reading light 4,smart_home
switch on the basement lights 1,smart_home
can you close the garage door 4,smart_home
make it warmer in here 4,smart_home
turn down bedroom brightness 2,smart_home
unlock the back door please 0,smart_home
adjust ac to cooler setting 4,smart_home
power off kitchen lights now 3,smart_home
open the front porch blinds 4,smart_home
is the back gate open 2,smart_home
reduce fan speed to low 0,smart_home
set thermostat higher please 4,smart_home
turn on hallway night light 4,smart_home
close the living room curtains 4,smart_home
brighten the bathroom lights 3,smart_home
lock the side entrance door 3,smart_home
lower the study room brightness 2,smart_home
increase bedroom temperature by two 1,smart_home
shut off the patio lights 2,smart_home
turn on the den lamp 0,smart_home
make the kitchen cooler 4,smart_home
switch all lights to bright 1,smart_home
open the garage blinds 1,smart_home
can you dim my office lights 0,smart_home
turn off master bedroom fan 1,smart_home
activate outdoor security lighting 3,smart_home
heat up the living room 2,smart_home
switch off my desk lamp 3,smart_home
crank up the thermostat 4,smart_home
shut the bedroom blinds please 2,smart_home
turn down the hallway lights 0,smart_home
start the clothes dryer 2,smart_home
can you unlock the front gate 3,smart_home
power the patio fan on 3,smart_home
lower heat in the garage 0,smart_home
brighten the kitchen 4,smart_home
switch the lights off downstairs 2,smart_home
set my room temperature lower 0,smart_home
turn on the stairwell light 2,smart_home
close the patio door 2,smart_home
adjust the ac up 2,smart_home
dim the entrance lights 0,smart_home
unlock the garage side door 1,smart_home
power down the living room lamp 2,smart_home
make the bedroom brighter 3,smart_home
turn up the house temperature 3,smart_home
switch off the den lights 2,smart_home
open all the window blinds 1,smart_home
lock the back entrance 1,smart_home
reduce the hallway brightness 3,smart_home
turn on the laundry room light 3,smart_home
set the guest room lights to low 0,smart_home
can you unlock my front door 3,smart_home
turn the thermostat down two degrees 1,smart_home
switch on the garage lights 0,smart_home
close all the blinds downstairs 4,smart_home
make the basement warmer 4,smart_home
turn off the deck lights 2,smart_home
brighten the foyer 0,smart_home
power on the attic fan 1,smart_home
lock the side gate for me 1,smart_home
lower the bedroom ac temperature 3,smart_home
open the living room curtains please 4,smart_home
dim the porch light a bit 3,smart_home
increase the study room heat 3,smart_home
shut down the kitchen fan 1,smart_home
can you open the back patio door 1,smart_home
turn the family room lights down 4,smart_home
switch the garage door closed 3,smart_home
make the hallway brighter 4,smart_home
activate the back yard lights 2,smart_home
describe your capabilities 2,personality
how would you describe yourself 4,personality
what makes you different 2,personality
do you have any special features 3,personality
what is your personality like 3,personality
tell me more about your background 2,personality
how intelligent are you really 0,personality
what languages can you speak 2,personality
can you do complex tasks 3,personality
what are your main strengths 3,personality
give me your introduction 3,personality
how would you help me 3,personality
what sets you apart from others 3,personality
explain what you were built for 4,personality
are there things you cannot do 0,personality
what should i know about you 2,personality
how creative can you be 4,personality
what is your training background 1,personality
can you learn and adapt 1,personality
what are your limitations 3,personality
how quickly do you think 4,personality
tell me your strengths and weaknesses 4,personality
what makes you unique 2,personality
how do you approach problems 2,personality
what would you say about yourself 2,personality
who am i talking to right now 2,personality
what should i expect from you 4,personality
do you have a personality 0,personality
what kind of assistant are you 0,personality
how would you describe what you do 4,personality
what makes you different from other assistants 2,personality
tell me what you excel at 1,personality
what are you capable of handling 0,personality
how would you define yourself 0,personality
what can you realistically do for me 2,personality
what is your purpose exactly 2,personality
how do you think compared to others 3,personality
what would you say is your strength 0,personality
are you designed to be creative 3,personality
what kind of tasks do you handle best 1,personality
how should i interact with you effectively 4,personality
what are you good and bad at 0,personality
why should i trust your answers 3,personality
what do you know about yourself 1,personality
how do you compare to human intelligence 2,personality
what defines you as an assistant 0,personality
what roles can you actually perform 4,personality
tell me how you work basically 0,personality
what gives you an edge over competitors 0,personality
who exactly am i speaking with 1,personality
give me your character summary 0,personality
what flavour of assistant am i using 3,personality
how would you pitch yourself to me 3,personality
what makes your style different 2,personality
break down your core competencies 3,personality
how adaptable are you really 2,personality
what does your expertise cover 3,personality
can you walk me through your abilities 4,personality
what should i understand about you 2,personality
how do you typically operate 4,personality
what is special about how you work 4,personality
tell me the gist of who you are 1,personality
what would you highlight about yourself 2,personality
how would you introduce yourself here 3,personality
what stands out about your design 0,personality
are you capable of handling complexity 1,personality
what do you bring to the table 2,personality
how comprehensive is your knowledge base 1,personality
what does it mean to be you 3,personality
what are the main things you do 4,personality
how do you distinguish yourself in functionality 4,personality
what can you tell me straight up 3,personality
how sophisticated is your reasoning 0,personality
what represents your core value 0,personality
tell me what defines your existence 0,personality
what do you actually bring to conversations 2,personality
describe your role in simple terms 0,personality
what is the essence of who you are 1,personality
how do you see your own capabilities 2,personality
what can i really count on you for 2,personality
paint me a picture of what you do 0,personality
what would you say matters most about you 3,personality
how would your creator describe you 4,personality
what are your real limitations 2,personality
what approach do you take to problems 0,personality
who are you fundamentally as an assistant 2,personality
what shapes how you respond to things 3,personality
what impression should i have of you 2,personality
tell me what you pride yourself on 1,personality
how do you handle different types of requests 2,personality
what would you want me knowing first 1,personality
what philosophy guides what you do 2,personality
how would you summarize your whole being 0,personality
what drives how you operate and respond 4,personality
what can i realistically expect when talking with you 1,personality
what best represents the core you 3,personality
how do you think about your own nature 3,personality
what would be your honest self assessment 0,personality
what values do you embed in your responses 0,personality
how do you frame your identity 3,personality
what should i know about your personality 4,personality
how would you describe your own style 0,personality
what kind of assistant am i talking to 3,personality
give me the rundown on what you are 4,personality
what makes you different from other systems 4,personality
how do you approach solving problems 0,personality
what are you fundamentally designed for 4,personality
tell me about your way of thinking 3,personality
what gets you excited as an assistant 4,personality
how do you stay true to your core nature 4,personality
what do you consider your best trait 1,personality
walk me through how you think 2,personality
what defines you at your foundation 3,personality
how self aware are you really 3,personality
what can you do better than most 1,personality
what's your general demeanor like 3,personality
how do you handle tricky situations 4,personality
what would you say is your strength 4,personality
tell me what makes you tick 0,personality
what is your perspective on things 0,personality
how do you keep your responses authentic 4,personality
what kind of personality do you have 0,personality
how do you know what you know 4,personality
what makes your thinking unique 0,personality
what should i expect from you generally 1,personality
do you have any distinctive traits 0,personality
what would you say your purpose is 4,personality
how would i recognize you in a conversation 1,personality
what keeps you grounded in your work 4,personality
how do you balance being helpful and honest 0,personality
what can you tell me about yourself directly 0,personality
give me your honest take on what you are 4,personality
how do you approach understanding requests 1,personality
what habits shape the way you respond 4,personality
are there things you refuse to do 1,personality
how do you know when to be direct 1,personality
what informs the choices you make 2,personality
how would you pitch yourself to someone new 1,personality
what do you actually enjoy doing 4,personality
how transparent are you about your limits 1,personality
what does being an assistant mean to you 1,personality
how do you decide what matters in responses 1,personality
what personal philosophy do you operate by 1,personality
tell me how you'd describe your temperament 0,personality
what would make you the best choice for someone 2,personality
how do you balance different user needs 4,personality
what's at the heart of how you work 4,personality
how do you define a successful interaction 2,personality
what anchors your decision making process 2,personality
what would you want someone to know first 0,personality
who exactly are you designed to be 2,personality
what drives the way you communicate 1,personality
how would you introduce yourself in one sentence 0,personality
what's your take on being helpful 0,personality
describe the core of who you are 4,personality
what makes your responses distinctive 3,personality
how do you decide what to prioritize 3,personality
what would you say defines an assistant 0,personality
how do you approach being straightforward 4,personality
what kind of partner are you for users 0,personality
what shapes your decision making daily 2,personality
how would you characterize your own capabilities 4,personality
what's at the center of your design 1,personality
how do you think about user interactions 1,personality
what would someone learn about you quickly 3,personality
how do you balance depth and clarity 3,personality
what informs your basic outlook 1,personality
are you more analytical or conversational 4,personality
what role do you see yourself playing 3,personality
how would you sum up your identity 0,personality
what is ten minus three 0,calculator
figure out the product of six and four 0,calculator
can you compute fifteen divided by five 0,calculator
tell me what eight plus nine equals 1,calculator
work out twenty percent of fifty 0,calculator
how much is one hundred minus twenty five 4,calculator
compute the square root of sixteen 3,calculator
what does thirty split into three parts give 3,calculator
calculate how many hours in two days 3,calculator
multiply forty two by seven for me 0,calculator
divide ninety six by twelve please 1,calculator
show me eighteen plus twenty two 4,calculator
what is the sum of thirteen and twenty eight 3,calculator
figure the difference between one hundred and sixty 3,calculator
how many times does six go into forty two 4,calculator
add up all these numbers for me 2,calculator
subtract seven from twenty five 2,calculator
what would three times twenty four be 2,calculator
break down fifty four into nine equal parts 0,calculator
tell me the total of five and fifteen 1,calculator
work out what percent eleven is of fifty five 2,calculator
calculate ninety divided into six 4,calculator
combine eighty two and eighteen together 0,calculator
how much more is thirty than seventeen 1,calculator
compute one third of sixty 0,calculator
what does twenty four plus eleven equal 4,calculator
how many seconds in three minutes 0,calculator
find the difference between seventy and forty two 0,calculator
take thirty and cut it in half 2,calculator
multiply eight by itself 3,calculator
is eighty four divisible by seven 3,calculator
add six and nine together 0,calculator
what percentage is twenty five of one hundred 3,calculator
how much do twelve and nineteen make 4,calculator
subtract eighteen from fifty 0,calculator
solve for the area of a square with sides of five 0,calculator
break ninety into equal groups of ten 1,calculator
combine five plus three plus eight 1,calculator
work out the average of sixteen and thirty four 3,calculator
tell me forty two divided by six 4,calculator
how many minutes are in four hours 2,calculator
what is the double of thirteen 3,calculator
calculate the difference from twenty to eighty 1,calculator
get me the sum of nine and eleven 4,calculator
split one hundred into four sections 0,calculator
multiply twelve by five 3,calculator
figure out the half of sixty eight 3,calculator
how much bigger is fifty than thirty three 4,calculator
add together forty two and eighteen and twelve 3,calculator
compute what three goes into seventy five 4,calculator
give me the result of sixteen plus nine 2,calculator
how many do seven times eight make 1,calculator
what does forty divided by five equal 2,calculator
take twenty away from eighty five 0,calculator
combine forty three and thirty seven 1,calculator
multiply six by twelve for me 3,calculator
subtract thirty two from ninety 4,calculator
what is fifteen times four 1,calculator
calculate twelve plus eight plus nineteen 4,calculator
how much is one hundred divided by ten 4,calculator
figure out eighty minus forty two 1,calculator
work out the product of nine and nine 3,calculator
combine twenty five and fifty 3,calculator
what would fifty minus thirteen be 1,calculator
divide seventy eight by six 0,calculator
add seventeen and twenty three together 1,calculator
how many is three times seventeen 0,calculator
calculate the gap between sixty and twenty five 3,calculator
multiply thirty three by two 3,calculator
what is ninety nine minus forty six 3,calculator
break down one hundred twenty into equal groups of twenty 0,calculator
combine fifty four and thirty six 4,calculator
how much more does seventy exceed twenty eight 1,calculator
work out what six times fourteen equals 0,calculator
take forty away from one hundred ten 1,calculator
what is seven multiplied by eleven 2,calculator
figure the sum of twenty eight and thirty four 1,calculator
how many times does five go into one hundred 1,calculator
subtract forty five from ninety three 3,calculator
can you divide nineteen by three 3,calculator
tell me the product of four and twenty two 2,calculator
what percent of eighty is sixteen 0,calculator
combine twelve seventeen and thirty one 4,calculator
how much larger is sixty six than forty four 3,calculator
work out ten times ten times two 2,calculator
calculate fifty six minus twenty nine 2,calculator
take the triple of twenty five 2,calculator
break up ninety six into eight equal parts 1,calculator
add five point five and three point two 2,calculator
multiply thirteen times nine 2,calculator
what is the total of one hundred and forty eight 0,calculator
divide one thousand two hundred by twenty 1,calculator
how much do you get if you add forty one twice 1,calculator
subtract seven from one hundred eight 2,calculator
figure out the sum of all numbers from one to ten 3,calculator
what does one hundred minus thirty six equal 0,calculator
multiply twenty five by four 0,calculator
give me the quotient of eighty four and seven 0,calculator
calculate how many dozens in sixty 2,calculator
what is the result of forty eight plus thirty two 1,calculator
what happens if i double eighteen 2,calculator
how much do i owe if i split ninety between three 0,calculator
can you tell me half of one hundred forty 3,calculator
subtract sixty three from one hundred twenty five 4,calculator
what does nine squared equal 3,calculator
compute the difference between ninety eight and fifty 4,calculator
give me eight times nine 1,calculator
how many groups of fifteen in three hundred 4,calculator
what is two hundred plus eighty five 3,calculator
figure out twenty five percent of eighty 2,calculator
reduce two hundred forty by seventy 2,calculator
find the sum if i add thirty two three times 0,calculator
how far apart are one hundred five and forty two 0,calculator
break one hundred eighty into nine sections 2,calculator
multiply seventeen by six for me 2,calculator
what do i get when i combine sixty four and thirty three 2,calculator
divide three hundred by fifteen 3,calculator
take away twenty eight from one hundred seventy 1,calculator
what is the answer to eleven times twelve 3,calculator
how many is four hundred divided by twenty five 1,calculator
calculate the difference between one hundred and seventy nine 1,calculator
can you split one hundred thirty six by four 2,calculator
what if i triple ninety two 3,calculator
how much more is one hundred sixty than seventy four 0,calculator
work out five times five times four 4,calculator
what does thirty three plus nineteen equal 1,calculator
how much is fifteen times six 0,calculator
compute eighty four minus twenty seven 4,calculator
tell me twelve divided by two 1,calculator
find the total of nine and forty eight 1,calculator
what is the result of multiplying seven by eleven 0,calculator
subtract thirty six from one hundred twelve 3,calculator
can you give me half of two hundred eighty 2,calculator
work out the sum of sixteen forty two and fifty one 2,calculator
how many is three hundred sixty split into groups of forty 1,calculator
what do i get if i add sixty five to one hundred 0,calculator
figure out what eighty percent of two hundred fifty is 2,calculator
divide five hundred forty into six equal pieces 3,calculator
what happens when you multiply forty four by two 4,calculator
combine these numbers ninety nine and sixty six 0,calculator
how much larger is one hundred forty than fifty nine 0,calculator
take thirty from ninety and tell me the answer 2,calculator
what is twenty eight times three 4,calculator
reduce four hundred by one hundred thirty five 3,calculator
how far apart are one hundred sixty one and eighty three 3,calculator
calculate double of seventy nine 3,calculator
what does one hundred eighty divided by nine equal 1,calculator
give me the sum of all numbers from five to fifteen 2,calculator
how much do three hundred ten and one hundred ninety add up to 4,calculator
multiply the product of six and eight by three 1,calculator
what is forty two minus eighteen 3,calculator
how much if i multiply ten by seven 0,calculator
compute three hundred divided into twelve parts 0,calculator
add ninety five and sixty three together 4,calculator
tell me the square root of one hundred forty four 2,calculator
what do five times nine come to 2,calculator
how many more is two hundred than one hundred twenty 4,calculator
break down five hundred into groups of twenty five 0,calculator
calculate eighty percent of three hundred seventy five 2,calculator
what if we subtract eighty two from two hundred 1,calculator
find how much twenty eight times four is 3,calculator
can you divide six hundred by twenty four 4,calculator
how much would i save if i reduce two hundred by thirty 0,calculator
what comes from adding seventy seven and fifty eight 1,calculator
multiply thirteen by nine for me 4,calculator
tell me the difference between three hundred five and one hundred seventy 1,calculator
how far is it from forty three to one hundred sixty eight 2,calculator
compute six times thirteen 1,calculator
work out half of four hundred twenty 0,calculator
what does triple forty eight equal 3,calculator
put on some radio music 2,play_radio
can you get a radio station 0,play_radio
i want to listen to the radio 4,play_radio
turn on fm radio for me 0,play_radio
find me a good radio station 2,play_radio
switch to radio mode 0,play_radio
let me hear some radio 2,play_radio
connect to a radio channel 4,play_radio
give me some radio stations 4,play_radio
play some music on the radio 1,play_radio
set up the radio 4,play_radio
show me radio options 1,play_radio
tune into a station 1,play_radio
activate radio playback 2,play_radio
what radio stations do you have 4,play_radio
enable radio streaming 0,play_radio
pick a radio station for me 3,play_radio
bring up the radio app 3,play_radio
i need radio on 3,play_radio
select a radio channel 2,play_radio
start some radio streaming 2,play_radio
play me some fm stations 1,play_radio
load up the radio 3,play_radio
get radio going 1,play_radio
suggest a radio station please 2,play_radio
spin a radio station 0,play_radio
queue up some radio 0,play_radio
can i hear radio right now 4,play_radio
switch on the fm 2,play_radio
go to radio mode 0,play_radio
play some broadcast radio 0,play_radio
let me tune into radio 3,play_radio
open radio for me 3,play_radio
i am looking for radio 1,play_radio
play any radio station 0,play_radio
flip to a radio channel 0,play_radio
radio on please 2,play_radio
give me radio now 0,play_radio
set the station to radio 2,play_radio
start broadcasting some radio 0,play_radio
i want radio playing 2,play_radio
dial up a station 4,play_radio
get me radio music 2,play_radio
launch radio app now 2,play_radio
fire up the radio 2,play_radio
take me to radio 3,play_radio
make radio play 1,play_radio
put radio on for me 0,play_radio
access the radio 1,play_radio
stream some radio stations 1,play_radio
play a radio broadcast for me 4,play_radio
let me listen to fm 3,play_radio
turn the radio on 4,play_radio
get some radio going 4,play_radio
i would like radio 3,play_radio
connect me to radio 0,play_radio
could you play a station 0,play_radio
find a radio channel 1,play_radio
radio sounds good right now 4,play_radio
switch to fm please 1,play_radio
give me a broadcast station 0,play_radio
start playing radio stations 2,play_radio
tune in for me 0,play_radio
put on a station 0,play_radio
activate fm broadcasting 0,play_radio
show me what radio stations exist 0,play_radio
can we listen to radio 3,play_radio
set to radio 1,play_radio
bring on the radio 4,play_radio
play some broadcast music 2,play_radio
stream radio to me 2,play_radio
i want to tune in 4,play_radio
enable fm mode 3,play_radio
let me hear a station 4,play_radio
flip on the radio 2,play_radio
get the radio going 2,play_radio
put on some fm 4,play_radio
start tuning to a station 1,play_radio
play me some radio 4,play_radio
switch the radio on 0,play_radio
can you start radio 3,play_radio
turn on fm for me 3,play_radio
let me access some radio 1,play_radio
activate the radio 0,play_radio
grab a radio station 2,play_radio
pipe in some radio 1,play_radio
initiate radio playback 0,play_radio
i need radio on 1,play_radio
bring up a station 3,play_radio
tune into any station 1,play_radio
play the radio please 4,play_radio
broadcast some radio to me 1,play_radio
set up radio for me 3,play_radio
get a radio stream going 3,play_radio
crank up the radio 4,play_radio
enable radio playback 4,play_radio
route me to radio 2,play_radio
produce some radio for me 0,play_radio
load up a station 0,play_radio
radio mode activate 1,play_radio
i want to listen to radio 2,play_radio
queue up some radio 1,play_radio
switch me to a broadcast 1,play_radio
put radio on now 4,play_radio
launch fm for me 1,play_radio
hook me up with radio 2,play_radio
open the radio app 1,play_radio
give me some fm broadcasts 3,play_radio
dial in a radio station 0,play_radio
turn up some radio 4,play_radio
keep the radio playing 4,play_radio
start a radio stream 1,play_radio
pick a station for radio 1,play_radio
radio on please 0,play_radio
transmit some radio to me 0,play_radio
ready some radio stations 0,play_radio
channel me to radio 1,play_radio
select a radio broadcast 4,play_radio
make the radio play 0,play_radio
go to radio now 2,play_radio
relay some radio stations 0,play_radio
fire up a station 1,play_radio
engage radio mode 0,play_radio
send radio my way 4,play_radio
how about some radio 3,play_radio
could you play a station 0,play_radio
bring on the radio 3,play_radio
let the radio start 1,play_radio
get some broadcasts playing 2,play_radio
stream me a station 1,play_radio
throw on the fm 3,play_radio
i would like radio 0,play_radio
radio streaming please 3,play_radio
set a station playing 3,play_radio
tune me in to radio 4,play_radio
power up some radio 4,play_radio
let me listen to broadcasts 2,play_radio
unfold the radio stations 3,play_radio
show me some radio 0,play_radio
radio tune in now 4,play_radio
bump up the radio station 0,play_radio
give me a broadcast please 4,play_radio
feed me some radio 2,play_radio
radio feed me 1,play_radio
establish a radio connection 1,play_radio
what radio stations are available 0,play_radio
connect to a station 1,play_radio
establish radio streaming 4,play_radio
begin a broadcast for me 2,play_radio
run the radio 4,play_radio
activate radio streaming 0,play_radio
can you tune into fm 2,play_radio
change to a broadcast station 3,play_radio
flip the radio switch 0,play_radio
get radio going for me 0,play_radio
i need some radio now 3,play_radio
initialize the station 2,play_radio
let me catch a broadcast 2,play_radio
load up radio stations 3,play_radio
play me a radio broadcast 2,play_radio
please switch on the radio 2,play_radio
resume radio programming 2,play_radio
roll the radio on 1,play_radio
start playing fm now 3,play_radio
take me to the radio 2,play_radio
turn the radio up 1,play_radio
wake up my radio 1,play_radio
would you tune the radio 3,play_radio
yeah get me some radio 1,play_radio
you can play radio now 4,play_radio
activate my bedtime routine 4,routine
what time for my routine 4,routine
lets do the morning ritual 1,routine
begin my daily routine now 4,routine
kick off my evening wind down 3,routine
run through my routine 0,routine
time for my regular routine 4,routine
execute my nightly routine please 2,routine
can you help me with my routine 2,routine
im ready for my routine 4,routine
go through my usual routine 1,routine
set up my routine for me 1,routine
get me started on my routine 3,routine
remind me to do my routine 3,routine
walk me through my routine 0,routine
play my routine 3,routine
do we have a routine 2,routine
lets begin my routine 2,routine
put on my nighttime routine 0,routine
whats my routine for today 0,routine
trigger my morning routine now 0,routine
should i start my routine 4,routine
help me start my routine 4,routine
follow my routine 2,routine
its time to do my routine 0,routine
start my afternoon routine 0,routine
take me through my routine 2,routine
enable my routine mode 1,routine
launch my daily routine 0,routine
i need my routine 3,routine
begin my routine sequence 4,routine
show me my routine 4,routine
run my bedtime routine now 1,routine
activate routine for tonight 4,routine
is it time for my routine 1,routine
proceed with my routine 0,routine
load my routine 3,routine
lets go through my routine 0,routine
start the routine 4,routine
guide me through my routine 1,routine
my routine please 4,routine
commence my routine 0,routine
switch on my routine 3,routine
time for routine 4,routine
do my morning routine 0,routine
lets activate my routine 3,routine
run my routine for tonight 0,routine
prepare my routine 4,routine
wake up routine 4,routine
open my routine 0,routine
initiate my routine 0,routine
give me my routine 0,routine
perform my routine 2,routine
execute tonight's routine 2,routine
what should i do for my routine 3,routine
set my routine in motion 2,routine
routine time 0,routine
go ahead with my routine 4,routine
lets stick to the routine 4,routine
complete my routine 2,routine
set up tonight's routine 4,routine
run through tonight's routine 3,routine
my routine now 4,routine
get my routine going 2,routine
display my routine 1,routine
ready for my routine 3,routine
apply my routine 0,routine
enforce my routine 1,routine
activate my routine mode 3,routine
transition to my routine 3,routine
go with my routine 1,routine
push through my routine 4,routine
move forward with my routine 2,routine
conduct my routine 3,routine
pull up my routine 1,routine
walk me through my routine 3,routine
routine check in 3,routine
follow my routine sequence 2,routine
schedule my routine for now 3,routine
bring up my routine 2,routine
routine mode on 1,routine
help me with my routine 0,routine
should i do my routine now 0,routine
routine scheduled for tonight 0,routine
keep me on routine 3,routine
routine setup time 0,routine
recall my routine 1,routine
trigger my routine 1,routine
sync up my routine 1,routine
routine engagement 2,routine
follow through with routine 3,routine
my routine is ready 3,routine
routine activation requested 4,routine
match my routine 1,routine
routine plan engaged 3,routine
run the evening routine 4,routine
align with my routine 2,routine
check routine status 0,routine
routine sync me 2,routine
play my routine now 4,routine
time to stick with routine 0,routine
activate routine mode for tonight 0,routine
what is my routine today 4,routine
let me do my routine 4,routine
put me through my routine 4,routine
routine engagement start now 2,routine
begin the routine please 2,routine
guide me through routine 4,routine
routine reset for this evening 3,routine
switch to routine mode 0,routine
start my evening regimen 0,routine
prep my routine for tonight 1,routine
turn on routine protocol 3,routine
engage with my routine 4,routine
implement my routine now 2,routine
routine sequence let us go 0,routine
am i on schedule for routine 3,routine
kick off the routine 4,routine
routine framework activate 4,routine
get into routine mode 1,routine
launch my routine sequence 0,routine
queue up my routine 3,routine
routine engagement protocol engaged 3,routine
take me through my routine 0,routine
establish routine for tonight 3,routine
set up tonight's routine 3,routine
walk through my schedule 3,routine
initiate my daily routine 3,routine
what should i do now 0,routine
let's start the routine 0,routine
time for my usual routine 4,routine
execute my routine sequence 3,routine
show me the routine 0,routine
ready my routine please 1,routine
activate my routine protocol 3,routine
perform my routine 2,routine
begin my nightly routine 3,routine
load up my routine 4,routine
switch me to routine 3,routine
prepare for routine 1,routine
run through my routine 1,routine
engage routine now 2,routine
put routine into effect 2,routine
start my routine sequence 4,routine
invoke my routine 2,routine
routine time right now 4,routine
initialize routine for me 0,routine
get my routine going 1,routine
routine let's do it 2,routine
commence my routine 4,routine
help me with my routine 0,routine
walk me through tonight's routine 1,routine
remind me of my routine 0,routine
set my routine in motion 3,routine
can you run my routine 1,routine
guide me through my schedule 4,routine
it's time for routine mode 2,routine
go through my routine with me 3,routine
activate my evening schedule 1,routine
take me step by step through routine 4,routine
what's on my routine today 2,routine
follow my routine 3,routine
keep me on routine 0,routine
apply my routine 2,routine
pull up my routine 3,routine
make me stick to routine 4,routine
stick to my routine please 3,routine
let's follow my routine 0,routine
run my daily routine now 4,routine
execute my evening routine 2,routine
i need to do something today 4,todo_task
put that on my list 1,todo_task
jot this down for me 0,todo_task
can you remind me to finish this 0,todo_task
set a task for tomorrow 2,todo_task
add to my to do list 3,todo_task
make a note of that 4,todo_task
what should i remember about 1,todo_task
mark this as something to do 0,todo_task
save this as a task 4,todo_task
schedule this on my agenda 0,todo_task
remind me later about that 3,todo_task
i want to keep track of this 4,todo_task
add it to my tasks 1,todo_task
write down what i need to do 2,todo_task
keep this on my radar 4,todo_task
help me remember to handle this 4,todo_task
create a task reminder for me 3,todo_task
this is something i gotta do 3,todo_task
log this as a todo 4,todo_task
let me get that in my list 0,todo_task
mark down this item 3,todo_task
take note of this action 1,todo_task
put a task in my calendar 2,todo_task
save that for me to do later 4,todo_task
add this to my agenda 0,todo_task
make sure i do that 1,todo_task
pin this for later 1,todo_task
i should remember to handle this 0,todo_task
track this as a task 1,todo_task
flag this as something to complete 4,todo_task
work this into my schedule 2,todo_task
remind me when i get home 2,todo_task
capture that for my list 0,todo_task
add to my checklist please 2,todo_task
can you list that for me 0,todo_task
put it on the agenda 1,todo_task
make that a task 3,todo_task
remember to do this later 1,todo_task
save this to my tasks 1,todo_task
i need to remember that 1,todo_task
queue this up for me 0,todo_task
file that as a task 2,todo_task
add to my pending items 1,todo_task
hold on to this for me 1,todo_task
note down this action 0,todo_task
get that on my schedule 1,todo_task
bookmark this as a task 1,todo_task
include this in my to dos 1,todo_task
set this aside to do 4,todo_task
add this to my things to do 3,todo_task
i need to accomplish that soon 4,todo_task
make it part of my plan 1,todo_task
put that on my action list 1,todo_task
remind me about this project 0,todo_task
can you capture that as a task 4,todo_task
store this in my tasks for me 3,todo_task
mark that as something pending 4,todo_task
help me track this activity 2,todo_task
register this as something to complete 4,todo_task
place that in my work queue 1,todo_task
ensure i remember to finish that 3,todo_task
add it to things i need doing 2,todo_task
take this down as my task 1,todo_task
record this as an action item 2,todo_task
include that in my workload 0,todo_task
let me note that down 2,todo_task
keep that in my task list 1,todo_task
make this part of my duties 1,todo_task
put that down as an action 3,todo_task
save this as something to tackle 2,todo_task
get this in my work items 3,todo_task
mark that as my responsibility 2,todo_task
add that to my list of things 0,todo_task
remind me i have to do this 4,todo_task
schedule that for me soon 2,todo_task
i want to do this at some point 2,todo_task
set a reminder about that task 0,todo_task
log this as my next action 1,todo_task
put this on my radar 3,todo_task
jot down what i need to do 2,todo_task
add it to my work plan 0,todo_task
keep track of this for me 0,todo_task
can you save that as a task 0,todo_task
mark this as high priority 3,todo_task
add to my list of priorities 4,todo_task
make me remember this later 1,todo_task
flag this for my attention 0,todo_task
add that to my daily tasks 3,todo_task
remind me to finish this 4,todo_task
slot this into my schedule 4,todo_task
note this as something pending 3,todo_task
put this in my task queue 0,todo_task
help me remember to do this 4,todo_task
add to my things i must do 2,todo_task
keep this on my radar 1,todo_task
make this something i need doing 0,todo_task
register that as my task 4,todo_task
set that aside as a task 1,todo_task
add to my list to complete 4,todo_task
i should get this done 1,todo_task
that needs to happen soon 2,todo_task
add to my urgent items 3,todo_task
give me a reminder for this 2,todo_task
that goes on my todo 3,todo_task
mark this as something i owe 3,todo_task
capture that as a job 4,todo_task
can you note that for me 3,todo_task
take this on as a task 1,todo_task
put this somewhere i see it 3,todo_task
remind me this still exists 3,todo_task
add to my list of chores 2,todo_task
that should go in my tasks 3,todo_task
help me keep track of this 2,todo_task
make that a task for me 2,todo_task
file this under my actions 0,todo_task
let me do this another time 2,todo_task
add to my backlog please 2,todo_task
that needs my attention soon 0,todo_task
mark it as on my agenda 4,todo_task
can you keep track of that 4,todo_task
add to my must do list 3,todo_task
i want to remember that 1,todo_task
set that as a pending item 0,todo_task
track this as my obligation 1,todo_task
remember to do this task 0,todo_task
i need to get this done 2,todo_task
add this to my schedule 1,todo_task
put that on my todo list 3,todo_task
make sure i do that 4,todo_task
mark this as something pending 0,todo_task
i have to do this 2,todo_task
add that to my tasks 4,todo_task
remind me about this later 1,todo_task
keep this in mind for now 0,todo_task
this should be on my agenda 3,todo_task
add to my action items 0,todo_task
make note of this task 3,todo_task
set this as my next thing 1,todo_task
that needs to get done 0,todo_task
create a reminder for this 2,todo_task
add this to what i need doing 0,todo_task
flag this as something to complete 4,todo_task
i want this on my list 4,todo_task
make this happen for me 2,todo_task
get this added to my tasks 1,todo_task
remind me to handle that 0,todo_task
put that in my workflow 2,todo_task
add this as my new task 4,todo_task
make sure this gets done 3,todo_task
jot down this errand for me 0,todo_task
log that as something i owe 2,todo_task
throw this on my plate 3,todo_task
tell me not to forget this 2,todo_task
stash this in my work queue 4,todo_task
book time for this task 4,todo_task
pin this to my priorities 4,todo_task
queue this up for later 2,todo_task
save this as work to do 1,todo_task
earmark that for my attention 3,todo_task
stack this with my other jobs 3,todo_task
bump this to my active tasks 1,todo_task
calendar this in for me 0,todo_task
register this as a pending thing 3,todo_task
slot this into my workload 3,todo_task
pencil this in as my task 1,todo_task
lock this as something pending 3,todo_task
hook this up with my duties 3,todo_task
batch this with my tasks 3,todo_task
anchor this as my commitment 4,todo_task
how many ounces in a pound 1,unit_conversion
what is five miles in kilometers 0,unit_conversion
convert liters to gallons 4,unit_conversion
show me thirty degrees celsius in fahrenheit 4,unit_conversion
how much is a kilogram in pounds 0,unit_conversion
translate millimeters to inches 3,unit_conversion
what does ten kilobytes equal in megabytes 3,unit_conversion
can you convert minutes to hours 1,unit_conversion
how many milliliters are in a cup 1,unit_conversion
convert twenty yards to meters 1,unit_conversion
what is the equivalent of a stone in kilograms 0,unit_conversion
turn hectares into acres 0,unit_conversion
how do i convert knots to miles per hour 3,unit_conversion
what would fifty pounds be in newtons 4,unit_conversion
express one mile in feet 0,unit_conversion
how many seconds are in two days 3,unit_conversion
convert teaspoons to milliliters 0,unit_conversion
what is twelve stone in kilograms 4,unit_conversion
change six feet to centimeters 3,unit_conversion
how many decibels equals a bel 3,unit_conversion
convert eighty square feet to square meters 4,unit_conversion
what does three tablespoons equal in milliliters 3,unit_conversion
how to turn watts into kilowatts 3,unit_conversion
calculate how many grams are in an ounce 3,unit_conversion
what is ninety five fahrenheit converted to celsius 0,unit_conversion
convert pints to liters 3,unit_conversion
how many meters is a mile 3,unit_conversion
what is kilopascals in bar 2,unit_conversion
turn celsius into fahrenheit 1,unit_conversion
express amperes as milliamps 2,unit_conversion
how do you calculate joules to calories 3,unit_conversion
can you tell me square kilometers in square miles 0,unit_conversion
what would megahertz equal in hertz 1,unit_conversion
convert metric tons to pounds 0,unit_conversion
how many micrograms in a milligram 1,unit_conversion
translate knots to kilometers per hour 2,unit_conversion
what is the conversion for psi to atmospheres 3,unit_conversion
show me how many centimeters in a yard 2,unit_conversion
convert nanometers to micrometers 1,unit_conversion
how much is one horsepower in watts 2,unit_conversion
what are bitcoins worth in us dollars 2,unit_conversion
translate seconds to milliseconds 3,unit_conversion
convert cubic feet to cubic meters 2,unit_conversion
how many volts in a kilovolt 1,unit_conversion
what is decimeters to centimeters 0,unit_conversion
turn bushels into liters 4,unit_conversion
how do i express radians in degrees 2,unit_conversion
convert dynes to newtons 4,unit_conversion
what would bars equal in pascals 2,unit_conversion
how many ohms are in a megohm 3,unit_conversion
how many grams make a kilogram 2,unit_conversion
what's the value of a meter in feet 4,unit_conversion
tell me if ten pounds equals how many kilograms 1,unit_conversion
convert fluid ounces to milliliters 1,unit_conversion
how do i express liters as gallons 4,unit_conversion
what is one hour in seconds 2,unit_conversion
translate inches into centimeters 0,unit_conversion
how many miles per hour is fifty kilometers per hour 3,unit_conversion
can you show me square meters to square feet 0,unit_conversion
what does fahrenheit thirty degrees convert to in celsius 4,unit_conversion
turn millimeters into meters 1,unit_conversion
how much is twenty kilograms in pounds 1,unit_conversion
express milligrams as grams 0,unit_conversion
convert degrees to radians 0,unit_conversion
what's fifteen pounds in newtons 3,unit_conversion
how many microns in a millimeter 3,unit_conversion
turn kilometers into miles 1,unit_conversion
what would one ton equal in kilograms 4,unit_conversion
translate megabytes to gigabytes 1,unit_conversion
can you convert tablespoons to teaspoons 0,unit_conversion
how much is a kiloliter in liters 2,unit_conversion
what is sixty miles per hour to kilometers per hour 2,unit_conversion
express pascals as kilopascals 2,unit_conversion
convert inches to yards 2,unit_conversion
how many centimeters is ten meters 4,unit_conversion
what's fifty degrees in celsius 0,unit_conversion
convert stones to kilograms 0,unit_conversion
how many ounces per pound 4,unit_conversion
express gallons as liters 0,unit_conversion
turn watts into horsepower 1,unit_conversion
what would hertz mean in megahertz 0,unit_conversion
convert acres to square meters 2,unit_conversion
how much is a ton in newtons 2,unit_conversion
translate teaspoons to milliliters 2,unit_conversion
can you change nautical miles to kilometers 1,unit_conversion
what is the value of one radian 0,unit_conversion
convert milliwatts to watts 3,unit_conversion
how many nanometers make one micrometer 0,unit_conversion
turn bar into pascals 3,unit_conversion
what does one gallon equal in milliliters 4,unit_conversion
express atmospheric pressure in kilopascals 2,unit_conversion
convert inches to millimeters 4,unit_conversion
how much is one joule in ergs 4,unit_conversion
what's the exchange between kelvin and celsius 4,unit_conversion
turn amps into milliamps 1,unit_conversion
how many acres is a hectare 3,unit_conversion
convert grains to milligrams 3,unit_conversion
what would one liter be in fluid ounces 3,unit_conversion
express decibels in terms of power ratio 3,unit_conversion
can you tell me square feet in square meters 2,unit_conversion
how many seconds are in a day 3,unit_conversion
what is the metric equivalent of a yard 1,unit_conversion
convert pints to liters 3,unit_conversion
how would you express kilograms as stones 4,unit_conversion
turn celsius into fahrenheit 0,unit_conversion
what's ten inches converted to centimeters 0,unit_conversion
how much does a gallon weigh in kilograms 2,unit_conversion
express meters per second as kilometers per hour 3,unit_conversion
convert square kilometers to square miles 4,unit_conversion
what does one mile equal in kilometers 3,unit_conversion
how many milligrams in an ounce 0,unit_conversion
turn horsepower into kilowatts 2,unit_conversion
what's the conversion rate from pounds to grams 1,unit_conversion
convert cubic meters to cubic feet 2,unit_conversion
how much is one hectare in acres 1,unit_conversion
express nanograms as micrograms 4,unit_conversion
what would fifty fahrenheit be in celsius 3,unit_conversion
turn megabytes into kilobytes 4,unit_conversion
convert newtons to dynes 4,unit_conversion
how many milliliters is a fluid ounce 2,unit_conversion
what's one atmosphere in kilopascals 3,unit_conversion
turn decimeters into millimeters 3,unit_conversion
how do i convert knots to miles per hour 1,unit_conversion
express kiloliters as cubic meters 4,unit_conversion
convert joules to calories 3,unit_conversion
how many grams equal a pound 2,unit_conversion
express miles per hour as meters per second 0,unit_conversion
what is fifty feet in meters 0,unit_conversion
convert square inches to square centimeters 3,unit_conversion
turn kilopascals into bars 2,unit_conversion
how much is one teaspoon in liters 0,unit_conversion
what would a dozen ounces be in milliliters 2,unit_conversion
express therms as megajoules 0,unit_conversion
convert fahrenheit to kelvin 0,unit_conversion
how many micrometers fit in a millimeter 2,unit_conversion
turn lumens into candelas 3,unit_conversion
what's thirty kilograms converted to pounds 2,unit_conversion
express angstroms in picometers 0,unit_conversion
convert minutes to seconds 0,unit_conversion
how much is one furlong in meters 4,unit_conversion
turn gigabytes into megabytes 0,unit_conversion
what does a year equal in hours 0,unit_conversion
express decigrams as centigrams 0,unit_conversion
convert parsecs to light years 2,unit_conversion
how many cups are in a liter 2,unit_conversion
turn pascals into bars 0,unit_conversion
what is ninety degrees in radians 1,unit_conversion
express centimeters per second as inches per minute 1,unit_conversion
convert BTU to kilojoules 1,unit_conversion
how much does one ton weigh in pounds 4,unit_conversion
what's the equivalent of a tablespoon in milliliters 1,unit_conversion
convert acres to hectares 0,unit_conversion
how many watts make a kilowatt 4,unit_conversion
express liters as gallons 4,unit_conversion
turn micrograms into milligrams 1,unit_conversion
what would you convert inches to if you need millimeters 0,unit_conversion
how do kilograms compare to pounds 3,unit_conversion
convert lumens per watt to candelas 4,unit_conversion
what's thirty degrees celsius in fahrenheit 0,unit_conversion
how much volume is one pint in centiliters 2,unit_conversion
express knots as kilometers per hour 1,unit_conversion
turn amperes into milliamperes 3,unit_conversion
what does a metric ton equal in kilograms 0,unit_conversion
convert square feet to square meters 2,unit_conversion
how many hertz in a megahertz 4,unit_conversion
express grams per milliliter as kilograms per liter 2,unit_conversion
what's the value of one radian in degrees 2,unit_conversion
turn decibels into linear ratios 2,unit_conversion
how much is a league in kilometers 3,unit_conversion
convert milliwatts to watts 4,unit_conversion
how do you say hello in italian 3,translation
convert this to mandarin please 4,translation
what is goodbye in japanese 1,translation
i need this in portuguese 0,translation
turn that into russian for me 4,translation
translate the word book to korean 0,translation
how would you say that in dutch 0,translation
can you put this in arabic 1,translation
whats the greek translation of water 0,translation
convert to english from spanish 3,translation
how do i say thank you in polish 4,translation
translate beautiful into thai 0,translation
what does that mean in french 2,translation
put it in norwegian will you 1,translation
translate me the word love in swedish 1,translation
how to say welcome in finnish 2,translation
convert my sentence to portuguese 0,translation
what is the danish word for friend 2,translation
give me that in turkish 3,translation
translate goodbye to vietnamese 3,translation
how do you express this in hebrew 3,translation
turn this phrase into chinese 0,translation
whats that called in hungarian 2,translation
convert this text to greek 3,translation
can you translate sorry to turkish 4,translation
what would you call that in swahili 3,translation
put that into czech for me 1,translation
translate these words to afrikaans 0,translation
how is hello said in ukrainian 0,translation
convert my text to indonesian 3,translation
whats the thai word for family 3,translation
translate this to bengali please 2,translation
how do i express this in tagalog 1,translation
turn my words into slovak 3,translation
can you say that in romanian 1,translation
what is this called in urdu 1,translation
translate to malay from english 4,translation
how would i say this in hindi 1,translation
convert this over to serbo croatian 2,translation
give me the swiss french version 2,translation
whats how are you in marathi 3,translation
translate my phrase to estonian 3,translation
put this into icelandic 2,translation
what do they call it in yoruba 2,translation
turn this to luxembourgish 4,translation
translate these to basque 0,translation
how is that expressed in catalan 4,translation
convert to irish gaelic 2,translation
whats the slovak translation of thank you 1,translation
translate my sentence into kurdish 2,translation
render this into albanian 4,translation
what does that say in gujarati 3,translation
turn my text to serbians 0,translation
translate this over to tamil 4,translation
how would you phrase that in amharic 2,translation
convert to kinyarwanda for me 3,translation
whats the bosnian version of this 0,translation
put that word in burmese 1,translation
translate my words to somali 4,translation
how is this said by khmer speakers 1,translation
turn that into lao 0,translation
what would nepali speakers say 0,translation
render these words to sinhalese 2,translation
translate this phrase to pashto 1,translation
convert my text into hausa 4,translation
whats this in igbo 0,translation
how do i ask that in oriya 3,translation
put this into tibetan 2,translation
translate to assamese 1,translation
can you give me the zulu version 4,translation
turn my sentence into xhosa 1,translation
what do they say in tswana 4,translation
convert this to fula 2,translation
translate that into mongolian 0,translation
how would this be phrased in quechua 4,translation
what is the greek translation 4,translation
render this in polish 2,translation
say that in mandarin 0,translation
how do you express this in turkish 2,translation
convert to portuguese for me 1,translation
what do they call that in russian 0,translation
translate this phrase to danish 4,translation
how would i say this in dutch 3,translation
put it into arabic 1,translation
what is this in vietnamese 4,translation
turn that to finnish 3,translation
translate to hebrew please 1,translation
how is that phrased in korean 2,translation
convert my words to italian 1,translation
whats the swedish word for that 1,translation
can you translate this to greek 0,translation
render that into hungarian 2,translation
what do norwegians say 1,translation
translate into bulgarian 2,translation
how would you say it in thai 2,translation
put this in japanese 4,translation
convert to norwegian 2,translation
what is that called in czech 1,translation
translate this to romanian 1,translation
how do i ask for that in german 2,translation
tell me what that is in french 1,translation
how do you say this in spanish 0,translation
convert these words to portuguese 2,translation
whats this called in italian 4,translation
put that sentence in chinese 0,translation
translate it to swedish 1,translation
give me the russian version 0,translation
how would that sound in japanese 4,translation
render this into polish 3,translation
what is the hebrew word 0,translation
turn it to arabic 4,translation
translate these words into korean 2,translation
how do they phrase this in turkish 0,translation
convert my text to german 3,translation
whats the dutch translation 1,translation
put it in finnish please 4,translation
translate that phrase to english 2,translation
how do you express it in irish 2,translation
render my words to esperanto 3,translation
what would that be in hindi 2,translation
turn this into thai 2,translation
translate to norwegian 3,translation
how is it said in croatian 4,translation
convert this into ukrainian 2,translation
whats that in lithuanian 1,translation
convert this into afrikaans 1,translation
what do they speak that as in hungarian 3,translation
phrase this in slovak 2,translation
translate my question to indonesian 0,translation
render this into serbo-croatian 3,translation
how would you interpret that in latvian 0,translation
put these words in estonian 4,translation
translate to icelandic 1,translation
what is the bengali equivalent 4,translation
convert my text to greek 4,translation
how do you call that in malaysian 0,translation
turn this to swahili 0,translation
translate these into slovene 4,translation
what would they say that as in romanian 1,translation
render this to polish 3,translation
convert that expression into tamil 1,translation
how do i translate this to hebrew 1,translation
put my words in czech 4,translation
translate this into albanian 4,translation
what is the urdu translation 4,translation
turn that into persian 1,translation
how would i phrase this in greek 0,translation
convert to serbian 0,translation
translate my words to burmese 0,translation
what do they call it in kannada 0,translation
whats the tagalog word for that 2,translation
interpret this message in vietnamese 2,translation
convert my sentence to mandarin 0,translation
how is this expressed in catalan 0,translation
translate what i just said to amharic 3,translation
put these words into bulgarian 2,translation
whats this phrase in farsi 2,translation
render it to hungarian 2,translation
convert that to basque 3,translation
tell me the danish translation 3,translation
translate my statement to georgian 0,translation
how would they say this in norwegian 3,translation
put it into scottish gaelic 2,translation
convert my text to luxembourgish 2,translation
what is this in norwegian bokmal 1,translation
translate that to telugu 0,translation
how do you translate it to irish gaelic 2,translation
render these words into macedonian 3,translation
convert this statement to sindhi 3,translation
whats the marathi way to say it 3,translation
what does photosynthesis mean 0,dictionary
can you explain entropy 4,dictionary
tell me about quantum mechanics 3,dictionary
how would you define polymer 4,dictionary
what is the definition of catalyst 0,dictionary
explain what osmosis is 2,dictionary
give me a definition of algorithm 2,dictionary
what does viscosity mean in physics 4,dictionary
tell me the meaning of metaphor 2,dictionary
define mitochondria for me 0,dictionary
can you tell me what photon means 2,dictionary
what is a synopsis in writing 4,dictionary
how do you describe velocity 1,dictionary
meaning of the word parallax 2,dictionary
what exactly is thermodynamics 0,dictionary
explain chromatin to me 3,dictionary
show me the definition of polygon 3,dictionary
what does the word kinetic mean 4,dictionary
tell me about the term biodiversity 2,dictionary
can you define what paradigm means 0,dictionary
what is stratification in sociology 4,dictionary
explain the concept of homeostasis 3,dictionary
what do you mean by empirical 0,dictionary
define the word serendipity 2,dictionary
what does dialectic refer to 1,dictionary
what is the meaning of symbiosis 1,dictionary
explain photosynthesis to me 1,dictionary
define what prokaryote means 4,dictionary
how would you explain friction 0,dictionary
what does semantics mean 2,dictionary
can you describe what syntax is 4,dictionary
tell me the definition of enzyme 4,dictionary
meaning of the word ambiguity 2,dictionary
what exactly is epistemology 4,dictionary
explain the term photosynthetic 0,dictionary
how do I define inertia 2,dictionary
what is meant by taxonomy 1,dictionary
define crystalline for me 4,dictionary
can you explain what pragmatics is 3,dictionary
meaning of alliteration in literature 0,dictionary
what does osmotic pressure mean 2,dictionary
tell me what linguistics refers to 1,dictionary
how would you describe ionic bonding 3,dictionary
explain the word hypothesis to me 1,dictionary
what is the meaning of synthesis 1,dictionary
define what anaerobic means 0,dictionary
can you tell me about metaphorical 3,dictionary
what does lexicon refer to 2,dictionary
meaning of isometric in exercise 2,dictionary
explain what mitotic division is 4,dictionary
what is the term paleontology 2,dictionary
how would you explain anthropogenic 4,dictionary
can you tell me what osmosis means 0,dictionary
define the concept of diffusion 3,dictionary
what does the word atrophy mean 1,dictionary
explain what photophobia is 1,dictionary
meaning of abiotic in biology 2,dictionary
how do i describe a prism 2,dictionary
what exactly is the term solstice 3,dictionary
can you explain ergonomic for me 1,dictionary
tell me what precipitate refers to 3,dictionary
define mutualism in ecology 0,dictionary
what is meant by visceral 0,dictionary
describe what the word sediment means 4,dictionary
explain how you would define ethics 4,dictionary
meaning of the word pneumatic 2,dictionary
what does the term stoichiometry mean 4,dictionary
can you tell me about hemostasis 3,dictionary
how would you explain gluconeogenesis 3,dictionary
what is the definition of osmolarity 4,dictionary
tell me the meaning of pyruvate 3,dictionary
define what organelle refers to 2,dictionary
can you explain what lesion means 4,dictionary
what exactly is the term erosion 3,dictionary
meaning of antigen in immunology 4,dictionary
what do you call that polypeptide thing 0,dictionary
describe the concept of conduction 3,dictionary
i need help understanding dialectic 4,dictionary
clarify what you mean by isotope 2,dictionary
can you break down neurotransmitter for me 0,dictionary
what term describes that fluid movement 3,dictionary
explain the idea of convergent evolution 0,dictionary
what would you say cellulose is 4,dictionary
tell me how to understand phenotype 3,dictionary
define what homologous means in biology 4,dictionary
meaning of the concept allele 4,dictionary
how should i think about centripetal force 1,dictionary
what does it mean to be catalytic 1,dictionary
can you clarify the word endothermic 0,dictionary
explain what we mean by biodiversity 2,dictionary
describe the term substrate please 0,dictionary
what exactly counts as exothermic 3,dictionary
meaning of when something is vestigial 0,dictionary
help me understand what endemic means 1,dictionary
what is the actual definition of plasmid 3,dictionary
tell me about the word stroma 4,dictionary
how would i describe phenotype 2,dictionary
what concept does geotropism refer to 4,dictionary
define what you mean by nucleotide 2,dictionary
can you explain chemotaxis to me 4,dictionary
what does metabolism mean to you 2,dictionary
spell out what autonomy is 0,dictionary
help me understand the word rheology 3,dictionary
what is symbiosis exactly 2,dictionary
how would you define hypertonic 2,dictionary
explain the meaning of mitosis 2,dictionary
can you break down what kinetic energy is 0,dictionary
meaning of the term anabolism 2,dictionary
what does the word phylogenetic refer to 2,dictionary
define the concept of homeostasis 0,dictionary
tell me what starch means in biology 0,dictionary
what exactly is meant by prokaryote 3,dictionary
can you clarify the term lipid 3,dictionary
explain what fermentation means 4,dictionary
describe how you would define entropy 4,dictionary
what is the term chemosynthesis 0,dictionary
meaning of epithelial tissue 2,dictionary
what do you mean by ionic bond 2,dictionary
how do we understand the word polymer 1,dictionary
what does eukaryotic cell mean 0,dictionary
define the idea of apoptosis 4,dictionary
can you tell me about what ribosome is 1,dictionary
explain the term hydrolysis 0,dictionary
what counts as a covalent bond 1,dictionary
describe what we call detritus 1,dictionary
what is the definition of osmosis 4,dictionary
explain mitochondria to me 4,dictionary
meaning of the word glycolysis 4,dictionary
how would you describe photosynthesis 2,dictionary
what does enzyme mean 1,dictionary
can you tell me what metabolism means 4,dictionary
define the term mutation 4,dictionary
what do we call a dominant allele 2,dictionary
explain what a gamete is 0,dictionary
meaning of recessive in genetics 4,dictionary
what is dna replication exactly 4,dictionary
describe what translation means in biology 2,dictionary
what does the word chromosome refer to 3,dictionary
how do i understand transcription 0,dictionary
can you clarify what a gene is 0,dictionary
explain the concept of natural selection 1,dictionary
what is genotype versus phenotype 1,dictionary
meaning of the term extinction 0,dictionary
what would you define as an ecosystem 2,dictionary
describe what we mean by predator 0,dictionary
what does parasitism mean 0,dictionary
how do you explain the word habitat 3,dictionary
define what niche means for organisms 1,dictionary
can you break down the term species 2,dictionary
what is the meaning of adaptation 1,dictionary
what should i know about the word catalyst 2,dictionary
help me out with what germination means 3,dictionary
is there a way to describe what chlorophyll does 0,dictionary
can you put into simpler words what mitochondria are 1,dictionary
what does it mean to say something is peptide 1,dictionary
explain how you would use the term solute 2,dictionary
breakdown of what carbohydrate refers to 3,dictionary
meaning behind the biological term saprophyte 0,dictionary
how do i know what nucleotide actually means 0,dictionary
what would you say defines a virus 0,dictionary
describe what autotroph means in biology 3,dictionary
what is the word for organismal waste called 0,dictionary
meaning when we say something is heterotrophic 4,dictionary
can you tell the difference between mitosis and what 3,dictionary
what exactly happens during the term budding 3,dictionary
how do i explain what plasmid means 1,dictionary
what should i learn about the word antigen 4,dictionary
meaning of the term genotype in plain english 2,dictionary
describe what happens when we say something undergoes respiration 3,dictionary
what is the biological word for organism splitting called 1,dictionary
put on a podcast for me 0,podcast_audiobook
i want to listen to an audiobook 2,podcast_audiobook
play my favorite podcast 1,podcast_audiobook
start the next episode 4,podcast_audiobook
queue up an audiobook 4,podcast_audiobook
begin my podcast subscription 4,podcast_audiobook
let me hear a podcast 0,podcast_audiobook
pick a random audiobook 3,podcast_audiobook
show me podcasts to listen to 4,podcast_audiobook
load the audiobook i was reading 1,podcast_audiobook
what podcasts do you have 4,podcast_audiobook
give me something to listen to 1,podcast_audiobook
turn on my audiobook 0,podcast_audiobook
find me a good podcast 0,podcast_audiobook
take me back to that episode 2,podcast_audiobook
continue where i left off 3,podcast_audiobook
keep playing this audiobook 4,podcast_audiobook
suggest a podcast for today 3,podcast_audiobook
bring up my podcast library 4,podcast_audiobook
go to the latest episode 4,podcast_audiobook
stream an audiobook now 4,podcast_audiobook
what are popular podcasts right now 2,podcast_audiobook
open that audiobook series 2,podcast_audiobook
have you got new podcast episodes 0,podcast_audiobook
get me back into my audiobook 0,podcast_audiobook
play something from my podcast history 4,podcast_audiobook
resume the audiobook from this morning 1,podcast_audiobook
start listening to a new series 4,podcast_audiobook
i need an audiobook recommendation 4,podcast_audiobook
throw on a random episode 1,podcast_audiobook
load my current podcast 0,podcast_audiobook
lets hear the next part 2,podcast_audiobook
find me an audiobook to start 3,podcast_audiobook
activate my podcast queue 4,podcast_audiobook
what should i listen to today 2,podcast_audiobook
rewind and play that audiobook 2,podcast_audiobook
give me the latest podcast drop 1,podcast_audiobook
fetch an audiobook for me 0,podcast_audiobook
jump into a podcast episode 4,podcast_audiobook
show me audiobooks i saved 1,podcast_audiobook
bring back my podcast session 4,podcast_audiobook
pick something i haven't heard 0,podcast_audiobook
set up a podcast for listening 2,podcast_audiobook
take me to my audiobook bookmark 0,podcast_audiobook
play the next part of this series 0,podcast_audiobook
retrieve my audiobook progress 4,podcast_audiobook
let me continue this podcast 0,podcast_audiobook
suggest something good to hear 2,podcast_audiobook
switch to an audiobook now 0,podcast_audiobook
hit me with a podcast episode 2,podcast_audiobook
pull up that audiobook series for me 1,podcast_audiobook
start a podcast right now 0,podcast_audiobook
i want to resume listening 4,podcast_audiobook
play my saved podcast episodes 2,podcast_audiobook
get my audiobook playing 4,podcast_audiobook
what new podcasts are available 2,podcast_audiobook
launch an audiobook to hear 2,podcast_audiobook
listen to a podcast from today 2,podcast_audiobook
fire up my audiobook please 4,podcast_audiobook
put on the next podcast episode 4,podcast_audiobook
bring me a podcast i like 3,podcast_audiobook
start my audiobook where it left 3,podcast_audiobook
give me a podcast to enjoy 3,podcast_audiobook
play back my audiobook session 0,podcast_audiobook
load up a podcast episode 1,podcast_audiobook
activate an audiobook to listen 0,podcast_audiobook
let me pick a podcast 3,podcast_audiobook
begin listening to an audiobook 2,podcast_audiobook
show me recent podcast episodes 4,podcast_audiobook
stream me a podcast now 1,podcast_audiobook
jump back into my audiobook 0,podcast_audiobook
play any podcast for me 0,podcast_audiobook
fetch the audiobook i marked 3,podcast_audiobook
start a random podcast please 4,podcast_audiobook
find an audiobook i like 2,podcast_audiobook
queue up a podcast episode for me 3,podcast_audiobook
continue where i left off listening 1,podcast_audiobook
play something from my subscribed shows 4,podcast_audiobook
open an audiobook i was enjoying 4,podcast_audiobook
what podcast should i listen to 3,podcast_audiobook
get me back into my audiobook 1,podcast_audiobook
start the next audiobook chapter 1,podcast_audiobook
put on a podcast please 3,podcast_audiobook
resume my listening session now 0,podcast_audiobook
bring up a podcast recommendation 1,podcast_audiobook
load the audiobook on my shelf 3,podcast_audiobook
play an episode from today 0,podcast_audiobook
let me hear the latest episode 3,podcast_audiobook
audiobook time let me pick 4,podcast_audiobook
skip to my saved podcast spot 1,podcast_audiobook
turn on something i can listen to 4,podcast_audiobook
give me a good podcast option 0,podcast_audiobook
stream my audiobook please 3,podcast_audiobook
i want to hear a podcast 4,podcast_audiobook
pull up my audiobook collection 4,podcast_audiobook
play something interesting right now 0,podcast_audiobook
take me through the next episode 2,podcast_audiobook
restart my podcast from earlier 1,podcast_audiobook
suggest me a podcast to tune into 3,podcast_audiobook
activate my audiobook library now 1,podcast_audiobook
set up a podcast for listening 2,podcast_audiobook
resume my last audiobook track 4,podcast_audiobook
put on something i can hear 0,podcast_audiobook
get an audiobook going for me 1,podcast_audiobook
play my favorite podcast show 1,podcast_audiobook
start listening to an episode 0,podcast_audiobook
bring up my podcast queue 2,podcast_audiobook
turn on a podcast now please 0,podcast_audiobook
load my audiobook progress 0,podcast_audiobook
i want to listen to something 1,podcast_audiobook
switch on a podcast for me 1,podcast_audiobook
give me access to my podcasts 3,podcast_audiobook
play the audiobook i bookmarked 1,podcast_audiobook
take me to my saved episode 4,podcast_audiobook
activate my podcast subscription 0,podcast_audiobook
begin an audiobook session now 1,podcast_audiobook
show my podcast listening history 1,podcast_audiobook
jump into a new podcast 0,podcast_audiobook
start playing an audiobook track 3,podcast_audiobook
launch the next episode please 4,podcast_audiobook
stream today's podcast episode 1,podcast_audiobook
open up a podcast for me 4,podcast_audiobook
resume listening right away 2,podcast_audiobook
put on my audiobook series 4,podcast_audiobook
play me a podcast episode 4,podcast_audiobook
find me something good to listen to 3,podcast_audiobook
i feel like listening to a podcast 1,podcast_audiobook
which audiobook should i start 2,podcast_audiobook
get my audiobook back on 2,podcast_audiobook
can you play a podcast 0,podcast_audiobook
show me available episodes 1,podcast_audiobook
continue my podcast listening 1,podcast_audiobook
what should i hear today 4,podcast_audiobook
start an episode for me 3,podcast_audiobook
pull up my next audiobook 4,podcast_audiobook
play content i can listen to 2,podcast_audiobook
audiobook selection please 0,podcast_audiobook
resume the show i was on 4,podcast_audiobook
give me a podcast to hear 2,podcast_audiobook
launch my audiobook now 3,podcast_audiobook
pick a podcast episode 4,podcast_audiobook
stream something for listening 3,podcast_audiobook
let me continue my episode 0,podcast_audiobook
access my audiobook backlog 4,podcast_audiobook
play the next podcast installment 3,podcast_audiobook
suggest an episode to hear 0,podcast_audiobook
activate my next audiobook 2,podcast_audiobook
give me something audio to enjoy 4,podcast_audiobook
restore my podcast session 3,podcast_audiobook
begin a new episode for me 1,podcast_audiobook
queue up a podcast for me 4,podcast_audiobook
let me listen to an audiobook 1,podcast_audiobook
start the audiobook from where i left off 1,podcast_audiobook
play my next podcast selection 2,podcast_audiobook
bring back my audiobook paused spot 3,podcast_audiobook
what podcasts do you recommend 3,podcast_audiobook
i need something to listen to right now 2,podcast_audiobook
load up a podcast episode please 4,podcast_audiobook
continue where my audiobook stopped 1,podcast_audiobook
put on a different audiobook 1,podcast_audiobook
can i hear my podcast next 3,podcast_audiobook
audiobooks ready to play 3,podcast_audiobook
fetch my podcast downloads 3,podcast_audiobook
move to the next audiobook chapter 2,podcast_audiobook
restart the podcast i was following 4,podcast_audiobook
get some audio content for me 3,podcast_audiobook
play my audiobook collection 0,podcast_audiobook
show me what podcasts are trending 4,podcast_audiobook
turn on an audiobook for listening 3,podcast_audiobook
do you have any good podcasts 3,podcast_audiobook
check the thermostat 3,device_status
tell me if the garage is open 0,device_status
are my kitchen lights currently on 4,device_status
what is the front door lock status 2,device_status
how is the battery on my phone 2,device_status
is the basement window locked 2,device_status
can you check if coffee maker is on 1,device_status
give me the status of all cameras 0,device_status
is my bedroom fan running 1,device_status
what is the tv doing right now 3,device_status
is the back patio gate secured 3,device_status
tell me about my internet connection 2,device_status
are all the doors locked 0,device_status
how much battery does my tablet have 3,device_status
is the washing machine finished 4,device_status
check my air conditioner please 1,device_status
what is happening with the sprinkler system 0,device_status
is my security system armed 1,device_status
tell me if the pool pump is working 1,device_status
how is the temperature in here 2,device_status
are the bedroom blinds open or closed 4,device_status
what is the status of my printer 0,device_status
is the dishwasher still running 4,device_status
tell me about all my smart plugs 2,device_status
is the front light on outside 4,device_status
is my garage door closed 3,device_status
check the living room air quality 1,device_status
how is my internet speed doing 0,device_status
are the front curtains drawn 4,device_status
tell me if the hallway motion sensor detected anything 2,device_status
what is my home security showing 0,device_status
is the refrigerator running properly 0,device_status
how much storage is left on my smart hub 4,device_status
are the upstairs lights still on 4,device_status
check if my electric car is charging 4,device_status
what is the status of the water heater 3,device_status
is the deck gate unlocked 3,device_status
tell me about my router right now 1,device_status
how is the humidity level at home 2,device_status
is the deck sliding door locked 3,device_status
what is the microwave displaying 1,device_status
are my bathroom exhaust fans on 2,device_status
check the mailbox sensor please 0,device_status
how is my network connection 3,device_status
is the guest bedroom ac working 3,device_status
what devices are currently powered on 4,device_status
is the side gate secure right now 4,device_status
tell me if any windows are open 3,device_status
how is the garage temperature 4,device_status
is the porch light currently active 3,device_status
is the outdoor sprinkler on 4,device_status
tell me the front door status 3,device_status
how is my home network 3,device_status
is the master bedroom thermostat working 0,device_status
check if any appliances are running 1,device_status
what is the pool temperature right now 0,device_status
are the master bedroom blinds closed 2,device_status
is my security camera recording 3,device_status
how much power is the microwave using 1,device_status
tell me about my door lock 4,device_status
is the attic window sealed 3,device_status
what devices need charging 0,device_status
are my outdoor lights activated 0,device_status
how is my smart lock working 3,device_status
is the kitchen exhaust fan on 3,device_status
check the status of my heating system 3,device_status
how is my backyard gate 0,device_status
is the guest bathroom light off 0,device_status
tell me if the furnace is active 2,device_status
what is the basement temperature 0,device_status
are any doors open right now 1,device_status
is the laundry room vent on 1,device_status
how is the front entry lock doing 2,device_status
tell me about my power consumption 0,device_status
is the patio sliding door sealed 4,device_status
do i have internet connectivity right now 2,device_status
is my bedroom door locked 1,device_status
check my garage door status 4,device_status
what is my thermostat set to 2,device_status
are the blinds open downstairs 1,device_status
is my security system armed 4,device_status
what is happening with my front lights 0,device_status
is the basement door closed 2,device_status
how is my smart home hub performing 0,device_status
are any windows unlocked 2,device_status
is my air conditioning running 4,device_status
tell me about my outside cameras 3,device_status
is the kitchen light on 3,device_status
what is my front gate showing 4,device_status
is the living room fan working 3,device_status
tell me if my alarm is set 3,device_status
how is my network bandwidth 4,device_status
is the bathroom door locked 4,device_status
what is my garage showing 3,device_status
are my front doors unlocked 3,device_status
is the porch motion detector armed 3,device_status
check my smart home devices please 1,device_status
what is the hallway temperature 4,device_status
is my side door secure 3,device_status
how are all my outdoor cameras doing 3,device_status
give me a status update on all my locks 0,device_status
which rooms have doors open 0,device_status
is my washer finished running 2,device_status
what temperature is the kitchen 4,device_status
can you tell me if my router is online 0,device_status
are the living room shades drawn 2,device_status
is anyone using the dishwasher 1,device_status
check how my water heater is doing 1,device_status
what is my fridge temperature reading 2,device_status
is the garage light still on 2,device_status
can my tv be turned on right now 1,device_status
are there any motion alerts in the backyard 0,device_status
what is happening in my laundry room 0,device_status
is my bedroom window closed 3,device_status
tell me if my doorbell is working 0,device_status
how is my smart plug performing 0,device_status
are my patio lights still active 2,device_status
what devices are currently connected 2,device_status
is the deck area motion sensor active 0,device_status
how much battery does my remote have 1,device_status
is my coffee maker powered on 4,device_status
what is the humidity level downstairs 2,device_status
are any windows open right now 4,device_status
is my dryer still running 3,device_status
tell me which lights are currently on 2,device_status
does my pool pump need attention 1,device_status
is the front yard sprinkler active 0,device_status
can you check my backup power system 0,device_status
what is my bedroom fan doing 3,device_status
are the patio shades lowered 3,device_status
is my garage door fully closed 4,device_status
tell me how my heating system is functioning 2,device_status
what is the current status of my locks 1,device_status
is the entryway motion light triggered 3,device_status
how much charge does my doorbell have 1,device_status
are my office lights currently switched on 0,device_status
what devices need attention today 4,device_status
is the guest room window secure 3,device_status
tell me if my outdoor lights are powered 4,device_status
how is my home security performing 2,device_status
are there any open exterior doors 1,device_status
what is my master bedroom temperature reading 0,device_status
is anyone currently watching the tv 0,device_status
can you show me my sprinkler system status 1,device_status
what is the condition of my front camera 2,device_status
are the living room blinds fully open 3,device_status
is my oven currently on 0,device_status
tell me about my bedroom door status 3,device_status
how is my indoor air quality right now 0,device_status
are my porch steps motion sensors triggering 0,device_status
how are my connected devices doing 0,device_status
is the bathroom fan running 1,device_status
what lights need to be checked 2,device_status
do i have any alerts from my cameras 1,device_status
is my smart thermostat responding 3,device_status
what is the deck door status 1,device_status
are my basement lights off 2,device_status
is the alarm system armed 3,device_status
how is the kitchen light performing 4,device_status
is my outdoor camera online 4,device_status
what is my living room occupancy 1,device_status
are the side gate sensors working 1,device_status
is my bedroom closet door locked 3,device_status
tell me the status of all my sensors 3,device_status
how is my network connectivity looking 4,device_status
is the hallway light activated 0,device_status
what devices are offline right now 2,device_status
are my exterior motion lights functioning 2,device_status
is the utility room access secure 4,device_status
how are my smart switches behaving 4,device_status
do you have any trivia questions 4,games_trivia
lets do a trivia challenge 1,games_trivia
i want to play trivia games 0,games_trivia
can we try some brain teasers 1,games_trivia
show me a quick quiz 4,games_trivia
how about a trivia round 3,games_trivia
pick a trivia game for me 1,games_trivia
give me a fun trivia question 4,games_trivia
start a trivia competition 3,games_trivia
play some trivia with me 1,games_trivia
test my knowledge with trivia 3,games_trivia
what trivia games can you play 1,games_trivia
lets play a knowledge quiz 4,games_trivia
take me through a trivia session 3,games_trivia
give me trivia about random topics 0,games_trivia
can i play a trivia game 2,games_trivia
put on a trivia challenge 1,games_trivia
how many trivia questions can you ask 0,games_trivia
want to do some trivia 2,games_trivia
lets have a trivia battle 2,games_trivia
throw some trivia questions at me 2,games_trivia
i feel like playing trivia 1,games_trivia
can you quiz me on trivia 2,games_trivia
run a trivia game for me 4,games_trivia
entertain me with some trivia 1,games_trivia
surprise me with a trivia question 4,games_trivia
get me into trivia mode 1,games_trivia
lets challenge each other with trivia 0,games_trivia
i want some brain teasing trivia 3,games_trivia
start me off with a trivia game 0,games_trivia
how about we play trivia 4,games_trivia
give me trivia questions now 2,games_trivia
can you run trivia for me 0,games_trivia
make trivia time happen 3,games_trivia
lets go with a trivia round 1,games_trivia
bring up some trivia for me 3,games_trivia
trivia me up 0,games_trivia
what trivia can you offer 0,games_trivia
set up a trivia session please 1,games_trivia
engage me with trivia questions 3,games_trivia
do some trivia with me 4,games_trivia
load up a trivia game 3,games_trivia
ready for some trivia action 2,games_trivia
give me a trivia challenge now 4,games_trivia
lets see how much trivia i know 4,games_trivia
play me some trivia 2,games_trivia
trivia time with you sounds fun 3,games_trivia
can we engage in some trivia 3,games_trivia
activate trivia mode 4,games_trivia
fire up a trivia game 0,games_trivia
lets test my knowledge of random facts 4,games_trivia
i want to answer some tricky questions 2,games_trivia
entertain me with a brain challenge 1,games_trivia
give me something to think about 1,games_trivia
start a question and answer session 2,games_trivia
how about a general knowledge game 0,games_trivia
ask me some interesting questions 1,games_trivia
put me through a knowledge test 2,games_trivia
lets see what i can figure out 1,games_trivia
challenge my brain with questions 1,games_trivia
i would like to play question guessing 1,games_trivia
can you think of some riddles for me 2,games_trivia
show me what you can ask 3,games_trivia
lets compete in a question round 3,games_trivia
quiz my memory on different subjects 3,games_trivia
give me a mental workout please 2,games_trivia
how about testing my facts knowledge 3,games_trivia
throw some questions my way 2,games_trivia
lets play a guessing game with facts 1,games_trivia
i want to tackle some tough questions 0,games_trivia
engage my brain with a challenge 2,games_trivia
what questions do you have for me 1,games_trivia
lets see if i know the answers 3,games_trivia
can you quiz me on random topics 0,games_trivia
start asking me questions please 3,games_trivia
take me through a knowledge challenge 3,games_trivia
show me some fun facts to guess 0,games_trivia
i feel like testing my memory 1,games_trivia
lets go head to head with trivia 0,games_trivia
give me your best quiz questions 1,games_trivia
how well do i know random stuff 2,games_trivia
put me to the test with trivia 0,games_trivia
wanna see how smart i am 4,games_trivia
hit me with some interesting facts 3,games_trivia
can we do a quick brain quiz 4,games_trivia
start the question game now 1,games_trivia
throw down a trivia challenge for me 4,games_trivia
test my knowledge on anything 2,games_trivia
lets play something that makes me think 2,games_trivia
give me trivia about random topics 2,games_trivia
i want to guess and learn 1,games_trivia
can i take a quick knowledge quiz 1,games_trivia
entertain me with tough questions 1,games_trivia
lets see how much i actually know 3,games_trivia
ask me questions about different subjects 1,games_trivia
play a game that challenges my brain 2,games_trivia
do you have any hard questions 0,games_trivia
make me answer some tricky stuff 0,games_trivia
i need a mental challenge right now 3,games_trivia
quiz mode engage please 1,games_trivia
lets do a facts and answers round 0,games_trivia
can you give me a brain teaser session 1,games_trivia
i want to guess some answers today 1,games_trivia
how about you ask me to identify things 1,games_trivia
start throwing questions at me now 4,games_trivia
quiz me on subjects i might not know 2,games_trivia
lets play a question answering game 0,games_trivia
challenge me with some knowledge questions 0,games_trivia
i feel like answering some random questions 0,games_trivia
give me a test on my general knowledge 0,games_trivia
can we play something educational and fun 2,games_trivia
start a round where you ask me stuff 0,games_trivia
put some brain teasers in front of me 3,games_trivia
lets see if i can guess the answers 0,games_trivia
quiz me on facts from different areas 3,games_trivia
i want to play a guessing game with you 4,games_trivia
throw me into a question challenge 2,games_trivia
make a quiz and let me take it 3,games_trivia
lets have a question battle right now 4,games_trivia
can you ask me some hard questions 2,games_trivia
i would like a brain training session 0,games_trivia
show me what trivia questions you know 4,games_trivia
start asking me about random knowledge 4,games_trivia
lets do some competitive question playing 0,games_trivia
give me questions i have to figure out 3,games_trivia
bring on some knowledge questions for me 4,games_trivia
lets flex our trivia muscles together 3,games_trivia
fire away with your toughest queries 1,games_trivia
i want to prove my expertise today 0,games_trivia
can you quiz me on world facts 1,games_trivia
get me thinking with some brain puzzles 3,games_trivia
lets engage in a knowledge showdown 4,games_trivia
show me some questions worth answering 0,games_trivia
challenge my understanding of random topics 4,games_trivia
start a game where i guess the answers 4,games_trivia
feed me some trivia questions please 0,games_trivia
lets compete on trivia knowledge 0,games_trivia
how about a session of quick questions 1,games_trivia
push my intellectual limits with trivia 4,games_trivia
can we battle it out with questions 0,games_trivia
lets see how much general knowledge i have 3,games_trivia
give me subjects and ill guess the facts 2,games_trivia
activate a trivia round for me now 1,games_trivia
surprise me with some tricky trivia questions 2,games_trivia
i want to engage with some tough riddles 4,games_trivia
let me demonstrate what i know 2,games_trivia
run me through a knowledge assessment 3,games_trivia
lets play to see whos smarter 4,games_trivia
ask me about things from different fields 2,games_trivia
i want a comprehensive trivia experience 3,games_trivia
play a quick knowledge game with me 4,games_trivia
test me on interesting facts today 4,games_trivia
lets play something thats mentally challenging 2,games_trivia
i want to answer trivia questions now 1,games_trivia
get me started with a brain challenge 0,games_trivia
can you throw some trivia my way 3,games_trivia
start me off with a fun guessing session 2,games_trivia
activate trivia mode for me please 3,games_trivia
how about we do some fact checking games 2,games_trivia
lets see if i can beat your questions 3,games_trivia
i need a mental workout with questions 0,games_trivia
take me through a trivia scenario 1,games_trivia
can we engage in question and answer games 3,games_trivia
lets try out a knowledge based challenge 4,games_trivia
fire up a trivia competition for me 0,games_trivia
want to test my knowledge on different subjects 1,games_trivia
lets have some fun with factual questions 2,games_trivia
i want to face off in a trivia battle 4,games_trivia
set me up with a quiz experience 2,games_trivia
bring on a round of challenging trivia 3,games_trivia
take me to wikipedia 0,open_website
pull up slack please 0,open_website
i want to see reddit 2,open_website
bring up amazon for me 0,open_website
show me spotify 4,open_website
load the twitter feed 3,open_website
navigate to linkedin 4,open_website
can you open twitch 1,open_website
display the netflix homepage 4,open_website
take me to medium dot com 3,open_website
access pinterest will you 1,open_website
jump to my gmail 4,open_website
show the dropbox login 2,open_website
can you bring up facebook 4,open_website
load up github for me 4,open_website
navigate me to stack overflow 1,open_website
pull up the discord server 3,open_website
i need to access notion 1,open_website
show me the airbnb site 2,open_website
launch my bank website 4,open_website
take me to the weather channel 3,open_website
display my outlook inbox 4,open_website
open that cooking website 4,open_website
go ahead and load youtube 1,open_website
could you access evernote for me 3,open_website
browse shopify with me 0,open_website
start up the etsy store 0,open_website
direct me to adobe creative cloud 1,open_website
fetch the medium homepage 0,open_website
load stripe dashboard please 3,open_website
let me into figma 2,open_website
get me to trello 2,open_website
show canva in the browser 3,open_website
access my asana workspace 2,open_website
go visit the coursera site 4,open_website
pull open figma now 2,open_website
take me over to nextdoor 1,open_website
launch quora in my browser 1,open_website
switch to the shopify dashboard 2,open_website
navigate over to substack 4,open_website
open up my patreon page 1,open_website
get on the basecamp platform 2,open_website
show me hubspot 4,open_website
jump into the slack workspace 0,open_website
could you display medium 3,open_website
bring up the typeform link 1,open_website
load my calendar at google 1,open_website
access the wix editor 1,open_website
display squarespace dashboard 3,open_website
navigate to the notion workspace 0,open_website
connect me to yelp 1,open_website
put up salesforce on screen 2,open_website
i need glassdoor right now 3,open_website
show the webflow site 1,open_website
open up monday dot com 2,open_website
get to the grammarly page 2,open_website
start the zoom meeting link 3,open_website
pull invision for me 4,open_website
display the calendly booking page 1,open_website
access hubspot crm please 3,open_website
take me into intercom 1,open_website
launch the webex portal 4,open_website
navigate me to mixpanel 4,open_website
show segment analytics dashboard 1,open_website
jump to the amplitude site 1,open_website
load datadog on my screen 1,open_website
bring up the looker dashboard 1,open_website
could you display retool 1,open_website
go to the tableau server 0,open_website
access my netsuite console 0,open_website
put the shopify admin up 2,open_website
let me see the sendgrid dashboard 3,open_website
direct me to the twilio platform 4,open_website
open up miro workspace 4,open_website
show me the airtable base 1,open_website
visit the mailchimp interface 2,open_website
connect to linkedin 1,open_website
pull up slack 4,open_website
take me to spotify 2,open_website
show facebook in my browser 3,open_website
navigate to the microsoft teams app 3,open_website
access pinterest please 2,open_website
launch reddit 1,open_website
open instagram for me 2,open_website
get me on twitter 2,open_website
display the discord server 2,open_website
browse wikipedia 3,open_website
fetch the dropbox folder 3,open_website
load onedrive 1,open_website
bring up aws console 0,open_website
direct me to the github repo 0,open_website
could you go to netflix 2,open_website
show me the twitch stream 0,open_website
jump over to wikipedia 0,open_website
access the stripe portal now 4,open_website
navigate the notion page 3,open_website
let me into the figma file 0,open_website
put up the canva editor 1,open_website
take me to the asana task 1,open_website
show the trello board please 0,open_website
i want to check jira 3,open_website
can you boot up notion for me 0,open_website
switch me over to typeform 1,open_website
pull open the basecamp project 4,open_website
navigate me into zendesk 0,open_website
load up the freshdesk support site 0,open_website
show me ghost blog platform 1,open_website
take me to wordpress dashboard 0,open_website
access supabase console 0,open_website
get me into the heroku app 2,open_website
bring up the firebase dashboard 1,open_website
go get the vercel deployment page 1,open_website
dial up the netlify site 3,open_website
jump into the railway workspace 0,open_website
connect me with render platform 4,open_website
fetch the planetscale db 2,open_website
load the prisma dashboard 1,open_website
display the expo snack 2,open_website
navigate to the next js docs 3,open_website
show me react dev tools 2,open_website
access the angular docs now 2,open_website
put up the vue js playground 3,open_website
take me to the svelte repl 3,open_website
launch the typescript handbook 3,open_website
open the code sandbox editor 4,open_website
get slack open for me 2,open_website
take me into the github site 0,open_website
show dropbox in my browser 3,open_website
bring up youtube please 0,open_website
access google search now 3,open_website
navigate to amazon 2,open_website
load the facebook page 0,open_website
pull up instagram 0,open_website
jump to twitter 4,open_website
get me to reddit 4,open_website
display spotify for me 3,open_website
connect to netflix 1,open_website
fetch the twitch page 2,open_website
direct me toward pinterest 1,open_website
show the discord chat 2,open_website
access wikipedia right now 0,open_website
switch me to linkedin 3,open_website
dial up microsoft teams 2,open_website
put me on whatsapp 4,open_website
launch the telegram app 2,open_website
navigate into the figma workspace 3,open_website
take me to the trello card 4,open_website
show me the asana board 2,open_website
get into the notion database 2,open_website
bring up the jira dashboard 3,open_website
open the stripe payment console 1,open_website
take me to aws management 4,open_website
load up the docker hub registry 0,open_website
bring up kubernetes dashboard 4,open_website
show me the github gist page 3,open_website
navigate to the npm package registry 1,open_website
get me into stack overflow 0,open_website
pull up the dev community site 0,open_website
access the api documentation 1,open_website
display the chrome web store 4,open_website
connect me to the admin panel 1,open_website
fetch the analytics dashboard 1,open_website
jump to the settings page 0,open_website
dial up the portfolio website 3,open_website
launch the online editor 4,open_website
put up the calendar app 2,open_website
show me the note taking service 1,open_website
navigate to project management tool 4,open_website
get slack workspace open now 2,open_website
take me into the documentation site 4,open_website